{"design-1":{"layout":"2","columns_stack":"mobile","first_column_width":{"unit":"px","size":60,"sizes":[]},"sections_gap":{"unit":"px","size":30,"sizes":[]},"inputs_border_border":"solid","inputs_border_width":{"unit":"px","top":"1","right":"1","bottom":"1","left":"1","isLinked":true},"inputs_border_color":"#E5E5E5","coupon_bar_icon_color":"#3988DE","coupon_bar_background_background":"classic","coupon_bar_background_color":"#F9F9F9E0","coupon_bar_border_border":"solid","coupon_bar_border_width":{"unit":"px","top":"1","right":"1","bottom":"1","left":"1","isLinked":true},"coupon_bar_border_color":"#E5E5E5","coupon_bar_border_radius":{"unit":"px","top":"3","right":"3","bottom":"3","left":"3","isLinked":true},"headings_typography_typography":"custom","headings_typography_font_family":"Nunito","headings_typography_font_size":{"unit":"px","size":22,"sizes":[]},"headings_typography_font_weight":"bold","headings_typography_text_transform":"capitalize","section_billing_details_inputs_typography_typography":"custom","section_billing_details_inputs_typography_font_family":"Nunito","section_billing_details_inputs_border_color_focus":"#020101","section_billing_details_inputs_label_typography_typography":"custom","section_billing_details_inputs_label_typography_font_family":"Nunito","section_billing_details_inputs_label_typography_font_size":{"unit":"px","size":14,"sizes":[]},"section_billing_details_inputs_label_typography_font_weight":"bold","section_additional_fields_textarea_label_typography_typography":"custom","section_additional_fields_textarea_label_typography_font_family":"Nunito","section_additional_fields_textarea_label_typography_font_size":{"unit":"px","size":14,"sizes":[]},"section_additional_fields_textarea_label_typography_font_weight":"bold","section_additional_fields_textarea_label_spacing":{"unit":"px","size":"","sizes":[]},"section_review_order_border_border":"solid","section_review_order_border_width":{"unit":"px","top":"1","right":"1","bottom":"1","left":"1","isLinked":true},"section_review_order_border_color":"#E5E5E5","section_review_order_padding":{"unit":"px","top":"20","right":"20","bottom":"20","left":"20","isLinked":true},"section_review_order_odd_row_background_color":"#F4F4F4","section_review_order_row_separator_color":"#BC1919","section_review_order_row_separator_size":{"unit":"px","size":0,"sizes":[]},"section_payment_method_background_background":"classic","section_payment_method_background_color":"#E5E5E57D","payment_method_label_typography_typography":"custom","payment_method_label_typography_font_family":"Nunito","payment_method_label_typography_font_size":{"unit":"px","size":14,"sizes":[]},"payment_method_label_typography_font_weight":"bold","payment_method_message_typography_typography":"custom","payment_method_message_typography_font_family":"Nunito","payment_method_message_text_color":"#FFFFFF","payment_method_message_background_color":"#FF0808","privacy_policy_typography_typography":"custom","privacy_policy_typography_font_family":"Nunito","privacy_policy_typography_font_size":{"unit":"px","size":14,"sizes":[]},"button_width":"full","button_bg_color_normal":"#E14889","button_text_color_normal":"#FFFFFF","button_padding":{"unit":"px","top":"15","right":"15","bottom":"15","left":"15","isLinked":true},"button_bg_color_hover":"#393939","column_gap":{"unit":"px","size":35,"sizes":[]},"column_gap_tablet":{"unit":"px","size":"","sizes":[]},"first_column_width_tablet":{"unit":"px","size":"","sizes":[]},"sections_padding":{"unit":"px","top":"","right":"","bottom":"","left":"","isLinked":true},"sections_gap_tablet":{"unit":"px","size":"","sizes":[]},"sections_gap_mobile":{"unit":"px","size":"","sizes":[]},"sections_bg_background":"","sections_bg_color":"","sections_bg_color_stop":{"unit":"%","size":0,"sizes":[]},"sections_bg_color_b":"#f2295b","sections_bg_color_b_stop":{"unit":"%","size":100,"sizes":[]},"sections_bg_gradient_type":"linear","sections_bg_gradient_angle":{"unit":"deg","size":180,"sizes":[]},"sections_bg_gradient_position":"center center","sections_bg_image":{"url":"","id":""},"sections_bg_image_tablet":{"url":"","id":""},"sections_bg_image_mobile":{"url":"","id":""},"sections_bg_position":"","sections_bg_position_tablet":"","sections_bg_position_mobile":"","sections_bg_xpos":{"unit":"px","size":0,"sizes":[]},"sections_bg_xpos_tablet":{"unit":"px","size":0,"sizes":[]},"sections_bg_xpos_mobile":{"unit":"px","size":0,"sizes":[]},"sections_bg_ypos":{"unit":"px","size":0,"sizes":[]},"sections_bg_ypos_tablet":{"unit":"px","size":0,"sizes":[]},"sections_bg_ypos_mobile":{"unit":"px","size":0,"sizes":[]},"sections_bg_attachment":"","sections_bg_repeat":"","sections_bg_repeat_tablet":"","sections_bg_repeat_mobile":"","sections_bg_size":"","sections_bg_size_tablet":"","sections_bg_size_mobile":"","sections_bg_bg_width":{"unit":"%","size":100,"sizes":[]},"sections_bg_bg_width_tablet":{"unit":"px","size":"","sizes":[]},"sections_bg_bg_width_mobile":{"unit":"px","size":"","sizes":[]},"sections_bg_video_link":"","sections_bg_video_start":"","sections_bg_video_end":"","sections_bg_play_once":"","sections_bg_play_on_mobile":"","sections_bg_privacy_mode":"","sections_bg_video_fallback":{"url":"","id":""},"sections_bg_slideshow_gallery":[],"sections_bg_slideshow_loop":"yes","sections_bg_slideshow_slide_duration":5000,"sections_bg_slideshow_slide_transition":"fade","sections_bg_slideshow_transition_duration":500,"sections_bg_slideshow_background_size":"","sections_bg_slideshow_background_size_tablet":"","sections_bg_slideshow_background_size_mobile":"","sections_bg_slideshow_background_position":"","sections_bg_slideshow_background_position_tablet":"","sections_bg_slideshow_background_position_mobile":"","sections_bg_slideshow_lazyload":"","sections_bg_slideshow_ken_burns":"","sections_bg_slideshow_ken_burns_zoom_direction":"in","sections_border_border":"","sections_border_width":{"unit":"px","top":"","right":"","bottom":"","left":"","isLinked":true},"sections_border_width_tablet":{"unit":"px","top":"","right":"","bottom":"","left":"","isLinked":true},"sections_border_width_mobile":{"unit":"px","top":"","right":"","bottom":"","left":"","isLinked":true},"sections_border_color":"","sections_box_shadow_box_shadow_type":"","sections_box_shadow_box_shadow":{"horizontal":0,"vertical":0,"blur":10,"spread":0,"color":"rgba(0,0,0,0.5)"},"sections_box_shadow_box_shadow_position":" ","inputs_padding":{"unit":"px","top":"","right":"","bottom":"","left":"","isLinked":true},"inputs_height":{"unit":"px","size":"","sizes":[]},"inputs_height_tablet":{"unit":"px","size":"","sizes":[]},"inputs_height_mobile":{"unit":"px","size":"","sizes":[]},"textarea_height":{"unit":"px","size":"","sizes":[]},"textarea_height_tablet":{"unit":"px","size":"","sizes":[]},"textarea_height_mobile":{"unit":"px","size":"","sizes":[]},"inputs_gap":{"unit":"px","size":"","sizes":[]},"inputs_gap_tablet":{"unit":"px","size":"","sizes":[]},"inputs_gap_mobile":{"unit":"px","size":"","sizes":[]},"inputs_border_width_tablet":{"unit":"px","top":"","right":"","bottom":"","left":"","isLinked":true},"inputs_border_width_mobile":{"unit":"px","top":"","right":"","bottom":"","left":"","isLinked":true},"inputs_text_align":"left","input_text_color":"","input_background_color":"","inputs_typography_typography":"","inputs_typography_font_family":"","inputs_typography_font_size":{"unit":"px","size":"","sizes":[]},"inputs_typography_font_size_tablet":{"unit":"px","size":"","sizes":[]},"inputs_typography_font_size_mobile":{"unit":"px","size":"","sizes":[]},"inputs_typography_font_weight":"","inputs_typography_text_transform":"","inputs_typography_font_style":"","inputs_typography_text_decoration":"","inputs_typography_line_height":{"unit":"em","size":"","sizes":[]},"inputs_typography_line_height_tablet":{"unit":"em","size":"","sizes":[]},"inputs_typography_line_height_mobile":{"unit":"em","size":"","sizes":[]},"inputs_typography_letter_spacing":{"unit":"px","size":"","sizes":[]},"inputs_typography_letter_spacing_tablet":{"unit":"px","size":"","sizes":[]},"inputs_typography_letter_spacing_mobile":{"unit":"px","size":"","sizes":[]},"inputs_typography_word_spacing":{"unit":"em","size":"","sizes":[]},"inputs_typography_word_spacing_tablet":{"unit":"em","size":"","sizes":[]},"inputs_typography_word_spacing_mobile":{"unit":"em","size":"","sizes":[]},"inputs_box_shadow_box_shadow_type":"","inputs_box_shadow_box_shadow":{"horizontal":0,"vertical":0,"blur":10,"spread":0,"color":"rgba(0,0,0,0.5)"},"inputs_box_shadow_box_shadow_position":" ","coupon_bar_typography_typography":"","coupon_bar_typography_font_family":"","coupon_bar_typography_font_size":{"unit":"px","size":"","sizes":[]},"coupon_bar_typography_font_size_tablet":{"unit":"px","size":"","sizes":[]},"coupon_bar_typography_font_size_mobile":{"unit":"px","size":"","sizes":[]},"coupon_bar_typography_font_weight":"","coupon_bar_typography_text_transform":"","coupon_bar_typography_font_style":"","coupon_bar_typography_text_decoration":"","coupon_bar_typography_line_height":{"unit":"em","size":"","sizes":[]},"coupon_bar_typography_line_height_tablet":{"unit":"em","size":"","sizes":[]},"coupon_bar_typography_line_height_mobile":{"unit":"em","size":"","sizes":[]},"coupon_bar_typography_letter_spacing":{"unit":"px","size":"","sizes":[]},"coupon_bar_typography_letter_spacing_tablet":{"unit":"px","size":"","sizes":[]},"coupon_bar_typography_letter_spacing_mobile":{"unit":"px","size":"","sizes":[]},"coupon_bar_typography_word_spacing":{"unit":"em","size":"","sizes":[]},"coupon_bar_typography_word_spacing_tablet":{"unit":"em","size":"","sizes":[]},"coupon_bar_typography_word_spacing_mobile":{"unit":"em","size":"","sizes":[]},"coupon_bar_text_color":"","coupon_bar_links_color":"","coupon_bar_links_color_hover":"","coupon_bar_background_color_stop":{"unit":"%","size":0,"sizes":[]},"coupon_bar_background_color_b":"#f2295b","coupon_bar_background_color_b_stop":{"unit":"%","size":100,"sizes":[]},"coupon_bar_background_gradient_type":"linear","coupon_bar_background_gradient_angle":{"unit":"deg","size":180,"sizes":[]},"coupon_bar_background_gradient_position":"center center","coupon_bar_background_image":{"url":"","id":""},"coupon_bar_background_image_tablet":{"url":"","id":""},"coupon_bar_background_image_mobile":{"url":"","id":""},"coupon_bar_background_position":"","coupon_bar_background_position_tablet":"","coupon_bar_background_position_mobile":"","coupon_bar_background_xpos":{"unit":"px","size":0,"sizes":[]},"coupon_bar_background_xpos_tablet":{"unit":"px","size":0,"sizes":[]},"coupon_bar_background_xpos_mobile":{"unit":"px","size":0,"sizes":[]},"coupon_bar_background_ypos":{"unit":"px","size":0,"sizes":[]},"coupon_bar_background_ypos_tablet":{"unit":"px","size":0,"sizes":[]},"coupon_bar_background_ypos_mobile":{"unit":"px","size":0,"sizes":[]},"coupon_bar_background_attachment":"","coupon_bar_background_repeat":"","coupon_bar_background_repeat_tablet":"","coupon_bar_background_repeat_mobile":"","coupon_bar_background_size":"","coupon_bar_background_size_tablet":"","coupon_bar_background_size_mobile":"","coupon_bar_background_bg_width":{"unit":"%","size":100,"sizes":[]},"coupon_bar_background_bg_width_tablet":{"unit":"px","size":"","sizes":[]},"coupon_bar_background_bg_width_mobile":{"unit":"px","size":"","sizes":[]},"coupon_bar_background_video_link":"","coupon_bar_background_video_start":"","coupon_bar_background_video_end":"","coupon_bar_background_play_once":"","coupon_bar_background_play_on_mobile":"","coupon_bar_background_privacy_mode":"","coupon_bar_background_video_fallback":{"url":"","id":""},"coupon_bar_background_slideshow_gallery":[],"coupon_bar_background_slideshow_loop":"yes","coupon_bar_background_slideshow_slide_duration":5000,"coupon_bar_background_slideshow_slide_transition":"fade","coupon_bar_background_slideshow_transition_duration":500,"coupon_bar_background_slideshow_background_size":"","coupon_bar_background_slideshow_background_size_tablet":"","coupon_bar_background_slideshow_background_size_mobile":"","coupon_bar_background_slideshow_background_position":"","coupon_bar_background_slideshow_background_position_tablet":"","coupon_bar_background_slideshow_background_position_mobile":"","coupon_bar_background_slideshow_lazyload":"","coupon_bar_background_slideshow_ken_burns":"","coupon_bar_background_slideshow_ken_burns_zoom_direction":"in","coupon_bar_border_width_tablet":{"unit":"px","top":"","right":"","bottom":"","left":"","isLinked":true},"coupon_bar_border_width_mobile":{"unit":"px","top":"","right":"","bottom":"","left":"","isLinked":true},"coupon_bar_box_shadow_box_shadow_type":"","coupon_bar_box_shadow_box_shadow":{"horizontal":0,"vertical":0,"blur":10,"spread":0,"color":"rgba(0,0,0,0.5)"},"coupon_bar_box_shadow_box_shadow_position":" ","form_coupon_padding":{"unit":"px","top":"","right":"","bottom":"","left":"","isLinked":true},"form_coupon_text_color":"","form_coupon_background_background":"","form_coupon_background_color":"","form_coupon_background_color_stop":{"unit":"%","size":0,"sizes":[]},"form_coupon_background_color_b":"#f2295b","form_coupon_background_color_b_stop":{"unit":"%","size":100,"sizes":[]},"form_coupon_background_gradient_type":"linear","form_coupon_background_gradient_angle":{"unit":"deg","size":180,"sizes":[]},"form_coupon_background_gradient_position":"center center","form_coupon_background_image":{"url":"","id":""},"form_coupon_background_image_tablet":{"url":"","id":""},"form_coupon_background_image_mobile":{"url":"","id":""},"form_coupon_background_position":"","form_coupon_background_position_tablet":"","form_coupon_background_position_mobile":"","form_coupon_background_xpos":{"unit":"px","size":0,"sizes":[]},"form_coupon_background_xpos_tablet":{"unit":"px","size":0,"sizes":[]},"form_coupon_background_xpos_mobile":{"unit":"px","size":0,"sizes":[]},"form_coupon_background_ypos":{"unit":"px","size":0,"sizes":[]},"form_coupon_background_ypos_tablet":{"unit":"px","size":0,"sizes":[]},"form_coupon_background_ypos_mobile":{"unit":"px","size":0,"sizes":[]},"form_coupon_background_attachment":"","form_coupon_background_repeat":"","form_coupon_background_repeat_tablet":"","form_coupon_background_repeat_mobile":"","form_coupon_background_size":"","form_coupon_background_size_tablet":"","form_coupon_background_size_mobile":"","form_coupon_background_bg_width":{"unit":"%","size":100,"sizes":[]},"form_coupon_background_bg_width_tablet":{"unit":"px","size":"","sizes":[]},"form_coupon_background_bg_width_mobile":{"unit":"px","size":"","sizes":[]},"form_coupon_background_video_link":"","form_coupon_background_video_start":"","form_coupon_background_video_end":"","form_coupon_background_play_once":"","form_coupon_background_play_on_mobile":"","form_coupon_background_privacy_mode":"","form_coupon_background_video_fallback":{"url":"","id":""},"form_coupon_background_slideshow_gallery":[],"form_coupon_background_slideshow_loop":"yes","form_coupon_background_slideshow_slide_duration":5000,"form_coupon_background_slideshow_slide_transition":"fade","form_coupon_background_slideshow_transition_duration":500,"form_coupon_background_slideshow_background_size":"","form_coupon_background_slideshow_background_size_tablet":"","form_coupon_background_slideshow_background_size_mobile":"","form_coupon_background_slideshow_background_position":"","form_coupon_background_slideshow_background_position_tablet":"","form_coupon_background_slideshow_background_position_mobile":"","form_coupon_background_slideshow_lazyload":"","form_coupon_background_slideshow_ken_burns":"","form_coupon_background_slideshow_ken_burns_zoom_direction":"in","form_coupon_border_border":"","form_coupon_border_width":{"unit":"px","top":"","right":"","bottom":"","left":"","isLinked":true},"form_coupon_border_width_tablet":{"unit":"px","top":"","right":"","bottom":"","left":"","isLinked":true},"form_coupon_border_width_mobile":{"unit":"px","top":"","right":"","bottom":"","left":"","isLinked":true},"form_coupon_border_color":"","form_coupon_border_radius":{"unit":"px","top":"","right":"","bottom":"","left":"","isLinked":true},"form_coupon_typography_typography":"","form_coupon_typography_font_family":"","form_coupon_typography_font_size":{"unit":"px","size":"","sizes":[]},"form_coupon_typography_font_size_tablet":{"unit":"px","size":"","sizes":[]},"form_coupon_typography_font_size_mobile":{"unit":"px","size":"","sizes":[]},"form_coupon_typography_font_weight":"","form_coupon_typography_text_transform":"","form_coupon_typography_font_style":"","form_coupon_typography_text_decoration":"","form_coupon_typography_line_height":{"unit":"em","size":"","sizes":[]},"form_coupon_typography_line_height_tablet":{"unit":"em","size":"","sizes":[]},"form_coupon_typography_line_height_mobile":{"unit":"em","size":"","sizes":[]},"form_coupon_typography_letter_spacing":{"unit":"px","size":"","sizes":[]},"form_coupon_typography_letter_spacing_tablet":{"unit":"px","size":"","sizes":[]},"form_coupon_typography_letter_spacing_mobile":{"unit":"px","size":"","sizes":[]},"form_coupon_typography_word_spacing":{"unit":"em","size":"","sizes":[]},"form_coupon_typography_word_spacing_tablet":{"unit":"em","size":"","sizes":[]},"form_coupon_typography_word_spacing_mobile":{"unit":"em","size":"","sizes":[]},"form_coupon_input_width":{"unit":"px","size":"","sizes":[]},"form_coupon_input_width_tablet":{"unit":"px","size":"","sizes":[]},"form_coupon_input_width_mobile":{"unit":"px","size":"","sizes":[]},"form_coupon_input_height":{"unit":"px","size":"","sizes":[]},"form_coupon_input_height_tablet":{"unit":"px","size":"","sizes":[]},"form_coupon_input_height_mobile":{"unit":"px","size":"","sizes":[]},"form_coupon_input_padding":{"unit":"px","top":"","right":"","bottom":"","left":"","isLinked":true},"form_coupon_input_border_border":"","form_coupon_input_border_width":{"unit":"px","top":"","right":"","bottom":"","left":"","isLinked":true},"form_coupon_input_border_width_tablet":{"unit":"px","top":"","right":"","bottom":"","left":"","isLinked":true},"form_coupon_input_border_width_mobile":{"unit":"px","top":"","right":"","bottom":"","left":"","isLinked":true},"form_coupon_input_border_color":"","form_coupon_input_border_radius":{"unit":"px","top":"","right":"","bottom":"","left":"","isLinked":true},"form_coupon_input_box_shadow_box_shadow_type":"","form_coupon_input_box_shadow_box_shadow":{"horizontal":0,"vertical":0,"blur":10,"spread":0,"color":"rgba(0,0,0,0.5)"},"form_coupon_input_box_shadow_box_shadow_position":" ","form_coupon_input_text_color":"","form_coupon_input_background_color":"","form_coupon_input_text_color_hover":"","form_coupon_input_background_color_hover":"","form_coupon_input_border_color_hover":"","form_coupon_input_text_color_focus":"","form_coupon_input_background_color_focus":"","form_coupon_input_border_color_focus":"","form_coupon_button_width":{"unit":"px","size":"","sizes":[]},"form_coupon_button_width_tablet":{"unit":"px","size":"","sizes":[]},"form_coupon_button_width_mobile":{"unit":"px","size":"","sizes":[]},"form_coupon_button_border_normal_border":"","form_coupon_button_border_normal_width":{"unit":"px","top":"","right":"","bottom":"","left":"","isLinked":true},"form_coupon_button_border_normal_width_tablet":{"unit":"px","top":"","right":"","bottom":"","left":"","isLinked":true},"form_coupon_button_border_normal_width_mobile":{"unit":"px","top":"","right":"","bottom":"","left":"","isLinked":true},"form_coupon_button_border_normal_color":"","form_coupon_button_border_radius":{"unit":"px","top":"","right":"","bottom":"","left":"","isLinked":true},"form_coupon_button_padding":{"unit":"px","top":"","right":"","bottom":"","left":"","isLinked":true},"form_coupon_button_padding_tablet":{"unit":"px","top":"","right":"","bottom":"","left":"","isLinked":true},"form_coupon_button_padding_mobile":{"unit":"px","top":"","right":"","bottom":"","left":"","isLinked":true},"form_coupon_button_bg_color_normal":"","form_coupon_button_text_color_normal":"","form_coupon_button_box_shadow_box_shadow_type":"","form_coupon_button_box_shadow_box_shadow":{"horizontal":0,"vertical":0,"blur":10,"spread":0,"color":"rgba(0,0,0,0.5)"},"form_coupon_button_box_shadow_box_shadow_position":" ","form_coupon_button_bg_color_hover":"","form_coupon_button_text_color_hover":"","form_coupon_button_border_color_hover":"","form_coupon_button_box_shadow_hover_box_shadow_type":"","form_coupon_button_box_shadow_hover_box_shadow":{"horizontal":0,"vertical":0,"blur":10,"spread":0,"color":"rgba(0,0,0,0.5)"},"form_coupon_button_box_shadow_hover_box_shadow_position":" ","headings_text_color":"","headings_typography_font_size_tablet":{"unit":"px","size":"","sizes":[]},"headings_typography_font_size_mobile":{"unit":"px","size":"","sizes":[]},"headings_typography_font_style":"","headings_typography_text_decoration":"","headings_typography_line_height":{"unit":"em","size":"","sizes":[]},"headings_typography_line_height_tablet":{"unit":"em","size":"","sizes":[]},"headings_typography_line_height_mobile":{"unit":"em","size":"","sizes":[]},"headings_typography_letter_spacing":{"unit":"px","size":"","sizes":[]},"headings_typography_letter_spacing_tablet":{"unit":"px","size":"","sizes":[]},"headings_typography_letter_spacing_mobile":{"unit":"px","size":"","sizes":[]},"headings_typography_word_spacing":{"unit":"em","size":"","sizes":[]},"headings_typography_word_spacing_tablet":{"unit":"em","size":"","sizes":[]},"headings_typography_word_spacing_mobile":{"unit":"em","size":"","sizes":[]},"headings_spacing":{"unit":"px","size":"","sizes":[]},"headings_spacing_tablet":{"unit":"px","size":"","sizes":[]},"headings_spacing_mobile":{"unit":"px","size":"","sizes":[]},"section_billing_details_background_background":"","section_billing_details_background_color":"","section_billing_details_background_color_stop":{"unit":"%","size":0,"sizes":[]},"section_billing_details_background_color_b":"#f2295b","section_billing_details_background_color_b_stop":{"unit":"%","size":100,"sizes":[]},"section_billing_details_background_gradient_type":"linear","section_billing_details_background_gradient_angle":{"unit":"deg","size":180,"sizes":[]},"section_billing_details_background_gradient_position":"center center","section_billing_details_background_image":{"url":"","id":""},"section_billing_details_background_image_tablet":{"url":"","id":""},"section_billing_details_background_image_mobile":{"url":"","id":""},"section_billing_details_background_position":"","section_billing_details_background_position_tablet":"","section_billing_details_background_position_mobile":"","section_billing_details_background_xpos":{"unit":"px","size":0,"sizes":[]},"section_billing_details_background_xpos_tablet":{"unit":"px","size":0,"sizes":[]},"section_billing_details_background_xpos_mobile":{"unit":"px","size":0,"sizes":[]},"section_billing_details_background_ypos":{"unit":"px","size":0,"sizes":[]},"section_billing_details_background_ypos_tablet":{"unit":"px","size":0,"sizes":[]},"section_billing_details_background_ypos_mobile":{"unit":"px","size":0,"sizes":[]},"section_billing_details_background_attachment":"","section_billing_details_background_repeat":"","section_billing_details_background_repeat_tablet":"","section_billing_details_background_repeat_mobile":"","section_billing_details_background_size":"","section_billing_details_background_size_tablet":"","section_billing_details_background_size_mobile":"","section_billing_details_background_bg_width":{"unit":"%","size":100,"sizes":[]},"section_billing_details_background_bg_width_tablet":{"unit":"px","size":"","sizes":[]},"section_billing_details_background_bg_width_mobile":{"unit":"px","size":"","sizes":[]},"section_billing_details_background_video_link":"","section_billing_details_background_video_start":"","section_billing_details_background_video_end":"","section_billing_details_background_play_once":"","section_billing_details_background_play_on_mobile":"","section_billing_details_background_privacy_mode":"","section_billing_details_background_video_fallback":{"url":"","id":""},"section_billing_details_background_slideshow_gallery":[],"section_billing_details_background_slideshow_loop":"yes","section_billing_details_background_slideshow_slide_duration":5000,"section_billing_details_background_slideshow_slide_transition":"fade","section_billing_details_background_slideshow_transition_duration":500,"section_billing_details_background_slideshow_background_size":"","section_billing_details_background_slideshow_background_size_tablet":"","section_billing_details_background_slideshow_background_size_mobile":"","section_billing_details_background_slideshow_background_position":"","section_billing_details_background_slideshow_background_position_tablet":"","section_billing_details_background_slideshow_background_position_mobile":"","section_billing_details_background_slideshow_lazyload":"","section_billing_details_background_slideshow_ken_burns":"","section_billing_details_background_slideshow_ken_burns_zoom_direction":"in","section_billing_details_border_border":"","section_billing_details_border_width":{"unit":"px","top":"","right":"","bottom":"","left":"","isLinked":true},"section_billing_details_border_width_tablet":{"unit":"px","top":"","right":"","bottom":"","left":"","isLinked":true},"section_billing_details_border_width_mobile":{"unit":"px","top":"","right":"","bottom":"","left":"","isLinked":true},"section_billing_details_border_color":"","section_billing_details_border_radius":{"unit":"px","top":"","right":"","bottom":"","left":"","isLinked":true},"section_billing_details_box_shadow_box_shadow_type":"","section_billing_details_box_shadow_box_shadow":{"horizontal":0,"vertical":0,"blur":10,"spread":0,"color":"rgba(0,0,0,0.5)"},"section_billing_details_box_shadow_box_shadow_position":" ","section_billing_details_inputs_typography_font_size":{"unit":"px","size":"","sizes":[]},"section_billing_details_inputs_typography_font_size_tablet":{"unit":"px","size":"","sizes":[]},"section_billing_details_inputs_typography_font_size_mobile":{"unit":"px","size":"","sizes":[]},"section_billing_details_inputs_typography_font_weight":"","section_billing_details_inputs_typography_text_transform":"","section_billing_details_inputs_typography_font_style":"","section_billing_details_inputs_typography_text_decoration":"","section_billing_details_inputs_typography_line_height":{"unit":"em","size":"","sizes":[]},"section_billing_details_inputs_typography_line_height_tablet":{"unit":"em","size":"","sizes":[]},"section_billing_details_inputs_typography_line_height_mobile":{"unit":"em","size":"","sizes":[]},"section_billing_details_inputs_typography_letter_spacing":{"unit":"px","size":"","sizes":[]},"section_billing_details_inputs_typography_letter_spacing_tablet":{"unit":"px","size":"","sizes":[]},"section_billing_details_inputs_typography_letter_spacing_mobile":{"unit":"px","size":"","sizes":[]},"section_billing_details_inputs_typography_word_spacing":{"unit":"em","size":"","sizes":[]},"section_billing_details_inputs_typography_word_spacing_tablet":{"unit":"em","size":"","sizes":[]},"section_billing_details_inputs_typography_word_spacing_mobile":{"unit":"em","size":"","sizes":[]},"section_billing_details_inputs_height":{"unit":"px","size":"","sizes":[]},"section_billing_details_inputs_height_tablet":{"unit":"px","size":"","sizes":[]},"section_billing_details_inputs_height_mobile":{"unit":"px","size":"","sizes":[]},"section_billing_details_inputs_padding":{"unit":"px","top":"","right":"","bottom":"","left":"","isLinked":true},"section_billing_details_inputs_text_color":"","section_billing_details_inputs_background_color":"","section_billing_details_inputs_border_border":"","section_billing_details_inputs_border_width":{"unit":"px","top":"","right":"","bottom":"","left":"","isLinked":true},"section_billing_details_inputs_border_width_tablet":{"unit":"px","top":"","right":"","bottom":"","left":"","isLinked":true},"section_billing_details_inputs_border_width_mobile":{"unit":"px","top":"","right":"","bottom":"","left":"","isLinked":true},"section_billing_details_inputs_border_color":"","section_billing_details_inputs_border_radius":{"unit":"px","top":"","right":"","bottom":"","left":"","isLinked":true},"section_billing_details_inputs_box_shadow_box_shadow_type":"","section_billing_details_inputs_box_shadow_box_shadow":{"horizontal":0,"vertical":0,"blur":10,"spread":0,"color":"rgba(0,0,0,0.5)"},"section_billing_details_inputs_box_shadow_box_shadow_position":" ","section_billing_details_inputs_text_color_hover":"","section_billing_details_inputs_background_color_hover":"","section_billing_details_inputs_border_color_hover":"","section_billing_details_inputs_box_shadow_hover_box_shadow_type":"","section_billing_details_inputs_box_shadow_hover_box_shadow":{"horizontal":0,"vertical":0,"blur":10,"spread":0,"color":"rgba(0,0,0,0.5)"},"section_billing_details_inputs_box_shadow_hover_box_shadow_position":" ","section_billing_details_inputs_text_color_focus":"","section_billing_details_inputs_background_color_focus":"","section_billing_details_inputs_box_shadow_focus_box_shadow_type":"","section_billing_details_inputs_box_shadow_focus_box_shadow":{"horizontal":0,"vertical":0,"blur":10,"spread":0,"color":"rgba(0,0,0,0.5)"},"section_billing_details_inputs_box_shadow_focus_box_shadow_position":" ","section_billing_details_inputs_label_color":"","section_billing_details_inputs_label_typography_font_size_tablet":{"unit":"px","size":"","sizes":[]},"section_billing_details_inputs_label_typography_font_size_mobile":{"unit":"px","size":"","sizes":[]},"section_billing_details_inputs_label_typography_text_transform":"","section_billing_details_inputs_label_typography_font_style":"","section_billing_details_inputs_label_typography_text_decoration":"","section_billing_details_inputs_label_typography_line_height":{"unit":"em","size":"","sizes":[]},"section_billing_details_inputs_label_typography_line_height_tablet":{"unit":"em","size":"","sizes":[]},"section_billing_details_inputs_label_typography_line_height_mobile":{"unit":"em","size":"","sizes":[]},"section_billing_details_inputs_label_typography_letter_spacing":{"unit":"px","size":"","sizes":[]},"section_billing_details_inputs_label_typography_letter_spacing_tablet":{"unit":"px","size":"","sizes":[]},"section_billing_details_inputs_label_typography_letter_spacing_mobile":{"unit":"px","size":"","sizes":[]},"section_billing_details_inputs_label_typography_word_spacing":{"unit":"em","size":"","sizes":[]},"section_billing_details_inputs_label_typography_word_spacing_tablet":{"unit":"em","size":"","sizes":[]},"section_billing_details_inputs_label_typography_word_spacing_mobile":{"unit":"em","size":"","sizes":[]},"section_billing_details_inputs_label_spacing":{"unit":"px","size":5,"sizes":[]},"section_billing_details_inputs_label_spacing_tablet":{"unit":"px","size":"","sizes":[]},"section_billing_details_inputs_label_spacing_mobile":{"unit":"px","size":"","sizes":[]},"section_additional_fields_background_background":"","section_additional_fields_background_color":"","section_additional_fields_background_color_stop":{"unit":"%","size":0,"sizes":[]},"section_additional_fields_background_color_b":"#f2295b","section_additional_fields_background_color_b_stop":{"unit":"%","size":100,"sizes":[]},"section_additional_fields_background_gradient_type":"linear","section_additional_fields_background_gradient_angle":{"unit":"deg","size":180,"sizes":[]},"section_additional_fields_background_gradient_position":"center center","section_additional_fields_background_image":{"url":"","id":""},"section_additional_fields_background_image_tablet":{"url":"","id":""},"section_additional_fields_background_image_mobile":{"url":"","id":""},"section_additional_fields_background_position":"","section_additional_fields_background_position_tablet":"","section_additional_fields_background_position_mobile":"","section_additional_fields_background_xpos":{"unit":"px","size":0,"sizes":[]},"section_additional_fields_background_xpos_tablet":{"unit":"px","size":0,"sizes":[]},"section_additional_fields_background_xpos_mobile":{"unit":"px","size":0,"sizes":[]},"section_additional_fields_background_ypos":{"unit":"px","size":0,"sizes":[]},"section_additional_fields_background_ypos_tablet":{"unit":"px","size":0,"sizes":[]},"section_additional_fields_background_ypos_mobile":{"unit":"px","size":0,"sizes":[]},"section_additional_fields_background_attachment":"","section_additional_fields_background_repeat":"","section_additional_fields_background_repeat_tablet":"","section_additional_fields_background_repeat_mobile":"","section_additional_fields_background_size":"","section_additional_fields_background_size_tablet":"","section_additional_fields_background_size_mobile":"","section_additional_fields_background_bg_width":{"unit":"%","size":100,"sizes":[]},"section_additional_fields_background_bg_width_tablet":{"unit":"px","size":"","sizes":[]},"section_additional_fields_background_bg_width_mobile":{"unit":"px","size":"","sizes":[]},"section_additional_fields_background_video_link":"","section_additional_fields_background_video_start":"","section_additional_fields_background_video_end":"","section_additional_fields_background_play_once":"","section_additional_fields_background_play_on_mobile":"","section_additional_fields_background_privacy_mode":"","section_additional_fields_background_video_fallback":{"url":"","id":""},"section_additional_fields_background_slideshow_gallery":[],"section_additional_fields_background_slideshow_loop":"yes","section_additional_fields_background_slideshow_slide_duration":5000,"section_additional_fields_background_slideshow_slide_transition":"fade","section_additional_fields_background_slideshow_transition_duration":500,"section_additional_fields_background_slideshow_background_size":"","section_additional_fields_background_slideshow_background_size_tablet":"","section_additional_fields_background_slideshow_background_size_mobile":"","section_additional_fields_background_slideshow_background_position":"","section_additional_fields_background_slideshow_background_position_tablet":"","section_additional_fields_background_slideshow_background_position_mobile":"","section_additional_fields_background_slideshow_lazyload":"","section_additional_fields_background_slideshow_ken_burns":"","section_additional_fields_background_slideshow_ken_burns_zoom_direction":"in","section_additional_fields_border_border":"","section_additional_fields_border_width":{"unit":"px","top":"","right":"","bottom":"","left":"","isLinked":true},"section_additional_fields_border_width_tablet":{"unit":"px","top":"","right":"","bottom":"","left":"","isLinked":true},"section_additional_fields_border_width_mobile":{"unit":"px","top":"","right":"","bottom":"","left":"","isLinked":true},"section_additional_fields_border_color":"","section_additional_fields_border_radius":{"unit":"px","top":"","right":"","bottom":"","left":"","isLinked":true},"section_additional_fields_box_shadow_box_shadow_type":"","section_additional_fields_box_shadow_box_shadow":{"horizontal":0,"vertical":0,"blur":10,"spread":0,"color":"rgba(0,0,0,0.5)"},"section_additional_fields_box_shadow_box_shadow_position":" ","section_additional_fields_textarea_typography_typography":"","section_additional_fields_textarea_typography_font_family":"","section_additional_fields_textarea_typography_font_size":{"unit":"px","size":"","sizes":[]},"section_additional_fields_textarea_typography_font_size_tablet":{"unit":"px","size":"","sizes":[]},"section_additional_fields_textarea_typography_font_size_mobile":{"unit":"px","size":"","sizes":[]},"section_additional_fields_textarea_typography_font_weight":"","section_additional_fields_textarea_typography_text_transform":"","section_additional_fields_textarea_typography_font_style":"","section_additional_fields_textarea_typography_text_decoration":"","section_additional_fields_textarea_typography_line_height":{"unit":"em","size":"","sizes":[]},"section_additional_fields_textarea_typography_line_height_tablet":{"unit":"em","size":"","sizes":[]},"section_additional_fields_textarea_typography_line_height_mobile":{"unit":"em","size":"","sizes":[]},"section_additional_fields_textarea_typography_letter_spacing":{"unit":"px","size":"","sizes":[]},"section_additional_fields_textarea_typography_letter_spacing_tablet":{"unit":"px","size":"","sizes":[]},"section_additional_fields_textarea_typography_letter_spacing_mobile":{"unit":"px","size":"","sizes":[]},"section_additional_fields_textarea_typography_word_spacing":{"unit":"em","size":"","sizes":[]},"section_additional_fields_textarea_typography_word_spacing_tablet":{"unit":"em","size":"","sizes":[]},"section_additional_fields_textarea_typography_word_spacing_mobile":{"unit":"em","size":"","sizes":[]},"section_additional_fields_textarea_text_color":"","section_additional_fields_textarea_background_color":"","section_additional_fields_textarea_border_border":"","section_additional_fields_textarea_border_width":{"unit":"px","top":"","right":"","bottom":"","left":"","isLinked":true},"section_additional_fields_textarea_border_width_tablet":{"unit":"px","top":"","right":"","bottom":"","left":"","isLinked":true},"section_additional_fields_textarea_border_width_mobile":{"unit":"px","top":"","right":"","bottom":"","left":"","isLinked":true},"section_additional_fields_textarea_border_color":"","section_additional_fields_textarea_border_radius":{"unit":"px","top":"","right":"","bottom":"","left":"","isLinked":true},"section_additional_fields_textarea_box_shadow_box_shadow_type":"","section_additional_fields_textarea_box_shadow_box_shadow":{"horizontal":0,"vertical":0,"blur":10,"spread":0,"color":"rgba(0,0,0,0.5)"},"section_additional_fields_textarea_box_shadow_box_shadow_position":" ","section_additional_fields_textarea_text_color_hover":"","section_additional_fields_textarea_background_color_hover":"","section_additional_fields_textarea_border_color_hover":"","section_additional_fields_textarea_box_shadow_hover_box_shadow_type":"","section_additional_fields_textarea_box_shadow_hover_box_shadow":{"horizontal":0,"vertical":0,"blur":10,"spread":0,"color":"rgba(0,0,0,0.5)"},"section_additional_fields_textarea_box_shadow_hover_box_shadow_position":" ","section_additional_fields_textarea_text_color_focus":"","section_additional_fields_textarea_background_color_focus":"","section_additional_fields_textarea_border_color_focus":"","section_additional_fields_textarea_box_shadow_focus_box_shadow_type":"","section_additional_fields_textarea_box_shadow_focus_box_shadow":{"horizontal":0,"vertical":0,"blur":10,"spread":0,"color":"rgba(0,0,0,0.5)"},"section_additional_fields_textarea_box_shadow_focus_box_shadow_position":" ","section_additional_fields_textarea_label_color":"","section_additional_fields_textarea_label_typography_font_size_tablet":{"unit":"px","size":"","sizes":[]},"section_additional_fields_textarea_label_typography_font_size_mobile":{"unit":"px","size":"","sizes":[]},"section_additional_fields_textarea_label_typography_text_transform":"","section_additional_fields_textarea_label_typography_font_style":"","section_additional_fields_textarea_label_typography_text_decoration":"","section_additional_fields_textarea_label_typography_line_height":{"unit":"em","size":"","sizes":[]},"section_additional_fields_textarea_label_typography_line_height_tablet":{"unit":"em","size":"","sizes":[]},"section_additional_fields_textarea_label_typography_line_height_mobile":{"unit":"em","size":"","sizes":[]},"section_additional_fields_textarea_label_typography_letter_spacing":{"unit":"px","size":"","sizes":[]},"section_additional_fields_textarea_label_typography_letter_spacing_tablet":{"unit":"px","size":"","sizes":[]},"section_additional_fields_textarea_label_typography_letter_spacing_mobile":{"unit":"px","size":"","sizes":[]},"section_additional_fields_textarea_label_typography_word_spacing":{"unit":"em","size":"","sizes":[]},"section_additional_fields_textarea_label_typography_word_spacing_tablet":{"unit":"em","size":"","sizes":[]},"section_additional_fields_textarea_label_typography_word_spacing_mobile":{"unit":"em","size":"","sizes":[]},"section_additional_fields_textarea_label_spacing_tablet":{"unit":"px","size":"","sizes":[]},"section_additional_fields_textarea_label_spacing_mobile":{"unit":"px","size":"","sizes":[]},"section_review_order_typography_typography":"","section_review_order_typography_font_family":"","section_review_order_typography_font_size":{"unit":"px","size":"","sizes":[]},"section_review_order_typography_font_size_tablet":{"unit":"px","size":"","sizes":[]},"section_review_order_typography_font_size_mobile":{"unit":"px","size":"","sizes":[]},"section_review_order_typography_font_weight":"","section_review_order_typography_text_transform":"","section_review_order_typography_font_style":"","section_review_order_typography_text_decoration":"","section_review_order_typography_line_height":{"unit":"em","size":"","sizes":[]},"section_review_order_typography_line_height_tablet":{"unit":"em","size":"","sizes":[]},"section_review_order_typography_line_height_mobile":{"unit":"em","size":"","sizes":[]},"section_review_order_typography_letter_spacing":{"unit":"px","size":"","sizes":[]},"section_review_order_typography_letter_spacing_tablet":{"unit":"px","size":"","sizes":[]},"section_review_order_typography_letter_spacing_mobile":{"unit":"px","size":"","sizes":[]},"section_review_order_typography_word_spacing":{"unit":"em","size":"","sizes":[]},"section_review_order_typography_word_spacing_tablet":{"unit":"em","size":"","sizes":[]},"section_review_order_typography_word_spacing_mobile":{"unit":"em","size":"","sizes":[]},"section_review_order_background_background":"","section_review_order_background_color":"","section_review_order_background_color_stop":{"unit":"%","size":0,"sizes":[]},"section_review_order_background_color_b":"#f2295b","section_review_order_background_color_b_stop":{"unit":"%","size":100,"sizes":[]},"section_review_order_background_gradient_type":"linear","section_review_order_background_gradient_angle":{"unit":"deg","size":180,"sizes":[]},"section_review_order_background_gradient_position":"center center","section_review_order_background_image":{"url":"","id":""},"section_review_order_background_image_tablet":{"url":"","id":""},"section_review_order_background_image_mobile":{"url":"","id":""},"section_review_order_background_position":"","section_review_order_background_position_tablet":"","section_review_order_background_position_mobile":"","section_review_order_background_xpos":{"unit":"px","size":0,"sizes":[]},"section_review_order_background_xpos_tablet":{"unit":"px","size":0,"sizes":[]},"section_review_order_background_xpos_mobile":{"unit":"px","size":0,"sizes":[]},"section_review_order_background_ypos":{"unit":"px","size":0,"sizes":[]},"section_review_order_background_ypos_tablet":{"unit":"px","size":0,"sizes":[]},"section_review_order_background_ypos_mobile":{"unit":"px","size":0,"sizes":[]},"section_review_order_background_attachment":"","section_review_order_background_repeat":"","section_review_order_background_repeat_tablet":"","section_review_order_background_repeat_mobile":"","section_review_order_background_size":"","section_review_order_background_size_tablet":"","section_review_order_background_size_mobile":"","section_review_order_background_bg_width":{"unit":"%","size":100,"sizes":[]},"section_review_order_background_bg_width_tablet":{"unit":"px","size":"","sizes":[]},"section_review_order_background_bg_width_mobile":{"unit":"px","size":"","sizes":[]},"section_review_order_background_video_link":"","section_review_order_background_video_start":"","section_review_order_background_video_end":"","section_review_order_background_play_once":"","section_review_order_background_play_on_mobile":"","section_review_order_background_privacy_mode":"","section_review_order_background_video_fallback":{"url":"","id":""},"section_review_order_background_slideshow_gallery":[],"section_review_order_background_slideshow_loop":"yes","section_review_order_background_slideshow_slide_duration":5000,"section_review_order_background_slideshow_slide_transition":"fade","section_review_order_background_slideshow_transition_duration":500,"section_review_order_background_slideshow_background_size":"","section_review_order_background_slideshow_background_size_tablet":"","section_review_order_background_slideshow_background_size_mobile":"","section_review_order_background_slideshow_background_position":"","section_review_order_background_slideshow_background_position_tablet":"","section_review_order_background_slideshow_background_position_mobile":"","section_review_order_background_slideshow_lazyload":"","section_review_order_background_slideshow_ken_burns":"","section_review_order_background_slideshow_ken_burns_zoom_direction":"in","section_review_order_border_width_tablet":{"unit":"px","top":"","right":"","bottom":"","left":"","isLinked":true},"section_review_order_border_width_mobile":{"unit":"px","top":"","right":"","bottom":"","left":"","isLinked":true},"section_review_order_border_radius":{"unit":"px","top":"","right":"","bottom":"","left":"","isLinked":true},"section_review_order_box_shadow_box_shadow_type":"","section_review_order_box_shadow_box_shadow":{"horizontal":0,"vertical":0,"blur":10,"spread":0,"color":"rgba(0,0,0,0.5)"},"section_review_order_box_shadow_box_shadow_position":" ","section_review_order_padding_tablet":{"unit":"px","top":"","right":"","bottom":"","left":"","isLinked":true},"section_review_order_padding_mobile":{"unit":"px","top":"","right":"","bottom":"","left":"","isLinked":true},"section_review_order_table_head_text_color":"","section_review_order_table_head_background_color":"","section_review_order_even_row_text_color":"","section_review_order_even_row_background_color":"","section_review_order_odd_row_text_color":"","section_review_order_table_foot_text_color":"","section_review_order_table_foot_background_color":"","section_review_order_row_separator_type":"solid","section_review_order_row_separator_size_tablet":{"unit":"px","size":"","sizes":[]},"section_review_order_row_separator_size_mobile":{"unit":"px","size":"","sizes":[]},"section_payment_method_background_color_stop":{"unit":"%","size":0,"sizes":[]},"section_payment_method_background_color_b":"#f2295b","section_payment_method_background_color_b_stop":{"unit":"%","size":100,"sizes":[]},"section_payment_method_background_gradient_type":"linear","section_payment_method_background_gradient_angle":{"unit":"deg","size":180,"sizes":[]},"section_payment_method_background_gradient_position":"center center","section_payment_method_background_image":{"url":"","id":""},"section_payment_method_background_image_tablet":{"url":"","id":""},"section_payment_method_background_image_mobile":{"url":"","id":""},"section_payment_method_background_position":"","section_payment_method_background_position_tablet":"","section_payment_method_background_position_mobile":"","section_payment_method_background_xpos":{"unit":"px","size":0,"sizes":[]},"section_payment_method_background_xpos_tablet":{"unit":"px","size":0,"sizes":[]},"section_payment_method_background_xpos_mobile":{"unit":"px","size":0,"sizes":[]},"section_payment_method_background_ypos":{"unit":"px","size":0,"sizes":[]},"section_payment_method_background_ypos_tablet":{"unit":"px","size":0,"sizes":[]},"section_payment_method_background_ypos_mobile":{"unit":"px","size":0,"sizes":[]},"section_payment_method_background_attachment":"","section_payment_method_background_repeat":"","section_payment_method_background_repeat_tablet":"","section_payment_method_background_repeat_mobile":"","section_payment_method_background_size":"","section_payment_method_background_size_tablet":"","section_payment_method_background_size_mobile":"","section_payment_method_background_bg_width":{"unit":"%","size":100,"sizes":[]},"section_payment_method_background_bg_width_tablet":{"unit":"px","size":"","sizes":[]},"section_payment_method_background_bg_width_mobile":{"unit":"px","size":"","sizes":[]},"section_payment_method_background_video_link":"","section_payment_method_background_video_start":"","section_payment_method_background_video_end":"","section_payment_method_background_play_once":"","section_payment_method_background_play_on_mobile":"","section_payment_method_background_privacy_mode":"","section_payment_method_background_video_fallback":{"url":"","id":""},"section_payment_method_background_slideshow_gallery":[],"section_payment_method_background_slideshow_loop":"yes","section_payment_method_background_slideshow_slide_duration":5000,"section_payment_method_background_slideshow_slide_transition":"fade","section_payment_method_background_slideshow_transition_duration":500,"section_payment_method_background_slideshow_background_size":"","section_payment_method_background_slideshow_background_size_tablet":"","section_payment_method_background_slideshow_background_size_mobile":"","section_payment_method_background_slideshow_background_position":"","section_payment_method_background_slideshow_background_position_tablet":"","section_payment_method_background_slideshow_background_position_mobile":"","section_payment_method_background_slideshow_lazyload":"","section_payment_method_background_slideshow_ken_burns":"","section_payment_method_background_slideshow_ken_burns_zoom_direction":"in","section_payment_method_border_border":"","section_payment_method_border_width":{"unit":"px","top":"","right":"","bottom":"","left":"","isLinked":true},"section_payment_method_border_width_tablet":{"unit":"px","top":"","right":"","bottom":"","left":"","isLinked":true},"section_payment_method_border_width_mobile":{"unit":"px","top":"","right":"","bottom":"","left":"","isLinked":true},"section_payment_method_border_color":"","section_payment_method_border_radius":{"unit":"px","top":"","right":"","bottom":"","left":"","isLinked":true},"section_payment_method_box_shadow_box_shadow_type":"","section_payment_method_box_shadow_box_shadow":{"horizontal":0,"vertical":0,"blur":10,"spread":0,"color":"rgba(0,0,0,0.5)"},"section_payment_method_box_shadow_box_shadow_position":" ","payment_method_label_typography_font_size_tablet":{"unit":"px","size":"","sizes":[]},"payment_method_label_typography_font_size_mobile":{"unit":"px","size":"","sizes":[]},"payment_method_label_typography_text_transform":"","payment_method_label_typography_font_style":"","payment_method_label_typography_text_decoration":"","payment_method_label_typography_line_height":{"unit":"em","size":"","sizes":[]},"payment_method_label_typography_line_height_tablet":{"unit":"em","size":"","sizes":[]},"payment_method_label_typography_line_height_mobile":{"unit":"em","size":"","sizes":[]},"payment_method_label_typography_letter_spacing":{"unit":"px","size":"","sizes":[]},"payment_method_label_typography_letter_spacing_tablet":{"unit":"px","size":"","sizes":[]},"payment_method_label_typography_letter_spacing_mobile":{"unit":"px","size":"","sizes":[]},"payment_method_label_typography_word_spacing":{"unit":"em","size":"","sizes":[]},"payment_method_label_typography_word_spacing_tablet":{"unit":"em","size":"","sizes":[]},"payment_method_label_typography_word_spacing_mobile":{"unit":"em","size":"","sizes":[]},"payment_method_label_text_color":"","payment_method_message_typography_font_size":{"unit":"px","size":"","sizes":[]},"payment_method_message_typography_font_size_tablet":{"unit":"px","size":"","sizes":[]},"payment_method_message_typography_font_size_mobile":{"unit":"px","size":"","sizes":[]},"payment_method_message_typography_font_weight":"","payment_method_message_typography_text_transform":"","payment_method_message_typography_font_style":"","payment_method_message_typography_text_decoration":"","payment_method_message_typography_line_height":{"unit":"em","size":"","sizes":[]},"payment_method_message_typography_line_height_tablet":{"unit":"em","size":"","sizes":[]},"payment_method_message_typography_line_height_mobile":{"unit":"em","size":"","sizes":[]},"payment_method_message_typography_letter_spacing":{"unit":"px","size":"","sizes":[]},"payment_method_message_typography_letter_spacing_tablet":{"unit":"px","size":"","sizes":[]},"payment_method_message_typography_letter_spacing_mobile":{"unit":"px","size":"","sizes":[]},"payment_method_message_typography_word_spacing":{"unit":"em","size":"","sizes":[]},"payment_method_message_typography_word_spacing_tablet":{"unit":"em","size":"","sizes":[]},"payment_method_message_typography_word_spacing_mobile":{"unit":"em","size":"","sizes":[]},"privacy_policy_color":"","privacy_policy_link_color":"","privacy_policy_link_hover_color":"","privacy_policy_typography_font_size_tablet":{"unit":"px","size":"","sizes":[]},"privacy_policy_typography_font_size_mobile":{"unit":"px","size":"","sizes":[]},"privacy_policy_typography_font_weight":"","privacy_policy_typography_text_transform":"","privacy_policy_typography_font_style":"","privacy_policy_typography_text_decoration":"","privacy_policy_typography_line_height":{"unit":"em","size":"","sizes":[]},"privacy_policy_typography_line_height_tablet":{"unit":"em","size":"","sizes":[]},"privacy_policy_typography_line_height_mobile":{"unit":"em","size":"","sizes":[]},"privacy_policy_typography_letter_spacing":{"unit":"px","size":"","sizes":[]},"privacy_policy_typography_letter_spacing_tablet":{"unit":"px","size":"","sizes":[]},"privacy_policy_typography_letter_spacing_mobile":{"unit":"px","size":"","sizes":[]},"privacy_policy_typography_word_spacing":{"unit":"em","size":"","sizes":[]},"privacy_policy_typography_word_spacing_tablet":{"unit":"em","size":"","sizes":[]},"privacy_policy_typography_word_spacing_mobile":{"unit":"em","size":"","sizes":[]},"button_typography_typography":"","button_typography_font_family":"","button_typography_font_size":{"unit":"px","size":"","sizes":[]},"button_typography_font_size_tablet":{"unit":"px","size":"","sizes":[]},"button_typography_font_size_mobile":{"unit":"px","size":"","sizes":[]},"button_typography_font_weight":"","button_typography_text_transform":"","button_typography_font_style":"","button_typography_text_decoration":"","button_typography_line_height":{"unit":"em","size":"","sizes":[]},"button_typography_line_height_tablet":{"unit":"em","size":"","sizes":[]},"button_typography_line_height_mobile":{"unit":"em","size":"","sizes":[]},"button_typography_letter_spacing":{"unit":"px","size":"","sizes":[]},"button_typography_letter_spacing_tablet":{"unit":"px","size":"","sizes":[]},"button_typography_letter_spacing_mobile":{"unit":"px","size":"","sizes":[]},"button_typography_word_spacing":{"unit":"em","size":"","sizes":[]},"button_typography_word_spacing_tablet":{"unit":"em","size":"","sizes":[]},"button_typography_word_spacing_mobile":{"unit":"em","size":"","sizes":[]},"button_custom_width":{"unit":"px","size":"","sizes":[]},"button_custom_width_tablet":{"unit":"px","size":"","sizes":[]},"button_custom_width_mobile":{"unit":"px","size":"","sizes":[]},"button_margin":{"unit":"px","top":"","right":"","bottom":"","left":"","isLinked":true},"button_margin_tablet":{"unit":"px","top":"","right":"","bottom":"","left":"","isLinked":true},"button_margin_mobile":{"unit":"px","top":"","right":"","bottom":"","left":"","isLinked":true},"button_border_normal_border":"","button_border_normal_width":{"unit":"px","top":"","right":"","bottom":"","left":"","isLinked":true},"button_border_normal_width_tablet":{"unit":"px","top":"","right":"","bottom":"","left":"","isLinked":true},"button_border_normal_width_mobile":{"unit":"px","top":"","right":"","bottom":"","left":"","isLinked":true},"button_border_normal_color":"","button_border_radius":{"unit":"px","top":"","right":"","bottom":"","left":"","isLinked":true},"button_padding_tablet":{"unit":"px","top":"","right":"","bottom":"","left":"","isLinked":true},"button_padding_mobile":{"unit":"px","top":"","right":"","bottom":"","left":"","isLinked":true},"button_box_shadow_box_shadow_type":"","button_box_shadow_box_shadow":{"horizontal":0,"vertical":0,"blur":10,"spread":0,"color":"rgba(0,0,0,0.5)"},"button_box_shadow_box_shadow_position":" ","button_text_color_hover":"","button_border_color_hover":"","button_box_shadow_hover_box_shadow_type":"","button_box_shadow_hover_box_shadow":{"horizontal":0,"vertical":0,"blur":10,"spread":0,"color":"rgba(0,0,0,0.5)"},"button_box_shadow_hover_box_shadow_position":" ","_title":"","_margin":{"unit":"px","top":"","right":"","bottom":"","left":"","isLinked":true},"_margin_tablet":{"unit":"px","top":"","right":"","bottom":"","left":"","isLinked":true},"_margin_mobile":{"unit":"px","top":"","right":"","bottom":"","left":"","isLinked":true},"_padding":{"unit":"px","top":"","right":"","bottom":"","left":"","isLinked":true},"_padding_tablet":{"unit":"px","top":"","right":"","bottom":"","left":"","isLinked":true},"_padding_mobile":{"unit":"px","top":"","right":"","bottom":"","left":"","isLinked":true},"_element_width":"","_element_width_tablet":"","_element_width_mobile":"","_element_custom_width":{"unit":"%","size":"","sizes":[]},"_element_custom_width_tablet":{"unit":"px","size":"","sizes":[]},"_element_custom_width_mobile":{"unit":"px","size":"","sizes":[]},"_element_vertical_align":"","_element_vertical_align_tablet":"","_element_vertical_align_mobile":"","_position":"","_offset_orientation_h":"start","_offset_x":{"unit":"px","size":"0","sizes":[]},"_offset_x_tablet":{"unit":"px","size":"","sizes":[]},"_offset_x_mobile":{"unit":"px","size":"","sizes":[]},"_offset_x_end":{"unit":"px","size":"0","sizes":[]},"_offset_x_end_tablet":{"unit":"px","size":"","sizes":[]},"_offset_x_end_mobile":{"unit":"px","size":"","sizes":[]},"_offset_orientation_v":"start","_offset_y":{"unit":"px","size":"0","sizes":[]},"_offset_y_tablet":{"unit":"px","size":"","sizes":[]},"_offset_y_mobile":{"unit":"px","size":"","sizes":[]},"_offset_y_end":{"unit":"px","size":"0","sizes":[]},"_offset_y_end_tablet":{"unit":"px","size":"","sizes":[]},"_offset_y_end_mobile":{"unit":"px","size":"","sizes":[]},"_z_index":"","_z_index_tablet":"","_z_index_mobile":"","_element_id":"","_css_classes":"","ha_floating_fx":"","ha_floating_fx_translate_toggle":"","ha_floating_fx_translate_x":{"unit":"px","size":"","sizes":{"from":0,"to":5}},"ha_floating_fx_translate_y":{"unit":"px","size":"","sizes":{"from":0,"to":5}},"ha_floating_fx_translate_duration":{"unit":"px","size":1000,"sizes":[]},"ha_floating_fx_translate_delay":{"unit":"px","size":"","sizes":[]},"ha_floating_fx_rotate_toggle":"","ha_floating_fx_rotate_x":{"unit":"px","size":"","sizes":{"from":0,"to":45}},"ha_floating_fx_rotate_y":{"unit":"px","size":"","sizes":{"from":0,"to":45}},"ha_floating_fx_rotate_z":{"unit":"px","size":"","sizes":{"from":0,"to":45}},"ha_floating_fx_rotate_duration":{"unit":"px","size":1000,"sizes":[]},"ha_floating_fx_rotate_delay":{"unit":"px","size":"","sizes":[]},"ha_floating_fx_scale_toggle":"","ha_floating_fx_scale_x":{"unit":"px","size":"","sizes":{"from":1,"to":1.2}},"ha_floating_fx_scale_y":{"unit":"px","size":"","sizes":{"from":1,"to":1.2}},"ha_floating_fx_scale_duration":{"unit":"px","size":1000,"sizes":[]},"ha_floating_fx_scale_delay":{"unit":"px","size":"","sizes":[]},"ha_element_link":{"url":"","is_external":"","nofollow":"","custom_attributes":""},"ha_transform_fx":"","ha_transform_fx_translate_toggle":"","ha_transform_fx_translate_x":{"unit":"px","size":"","sizes":[]},"ha_transform_fx_translate_x_tablet":{"unit":"px","size":"","sizes":[]},"ha_transform_fx_translate_x_mobile":{"unit":"px","size":"","sizes":[]},"ha_transform_fx_translate_y":{"unit":"px","size":"","sizes":[]},"ha_transform_fx_translate_y_tablet":{"unit":"px","size":"","sizes":[]},"ha_transform_fx_translate_y_mobile":{"unit":"px","size":"","sizes":[]},"ha_transform_fx_rotate_toggle":"","ha_transform_fx_rotate_mode":"loose","ha_transform_fx_rotate_x":{"unit":"px","size":"","sizes":[]},"ha_transform_fx_rotate_x_tablet":{"unit":"px","size":"","sizes":[]},"ha_transform_fx_rotate_x_mobile":{"unit":"px","size":"","sizes":[]},"ha_transform_fx_rotate_y":{"unit":"px","size":"","sizes":[]},"ha_transform_fx_rotate_y_tablet":{"unit":"px","size":"","sizes":[]},"ha_transform_fx_rotate_y_mobile":{"unit":"px","size":"","sizes":[]},"ha_transform_fx_rotate_z":{"unit":"px","size":"","sizes":[]},"ha_transform_fx_rotate_z_tablet":{"unit":"px","size":"","sizes":[]},"ha_transform_fx_rotate_z_mobile":{"unit":"px","size":"","sizes":[]},"ha_transform_fx_scale_toggle":"","ha_transform_fx_scale_mode":"loose","ha_transform_fx_scale_x":{"unit":"px","size":1,"sizes":[]},"ha_transform_fx_scale_x_tablet":{"unit":"px","size":"","sizes":[]},"ha_transform_fx_scale_x_mobile":{"unit":"px","size":"","sizes":[]},"ha_transform_fx_scale_y":{"unit":"px","size":1,"sizes":[]},"ha_transform_fx_scale_y_tablet":{"unit":"px","size":"","sizes":[]},"ha_transform_fx_scale_y_mobile":{"unit":"px","size":"","sizes":[]},"ha_transform_fx_skew_toggle":"","ha_transform_fx_skew_x":{"unit":"px","size":"","sizes":[]},"ha_transform_fx_skew_x_tablet":{"unit":"px","size":"","sizes":[]},"ha_transform_fx_skew_x_mobile":{"unit":"px","size":"","sizes":[]},"ha_transform_fx_skew_y":{"unit":"px","size":"","sizes":[]},"ha_transform_fx_skew_y_tablet":{"unit":"px","size":"","sizes":[]},"ha_transform_fx_skew_y_mobile":{"unit":"px","size":"","sizes":[]},"ha_transform_fx_translate_toggle_hover":"","ha_transform_fx_translate_x_hover":{"unit":"px","size":"","sizes":[]},"ha_transform_fx_translate_x_hover_tablet":{"unit":"px","size":"","sizes":[]},"ha_transform_fx_translate_x_hover_mobile":{"unit":"px","size":"","sizes":[]},"ha_transform_fx_translate_y_hover":{"unit":"px","size":"","sizes":[]},"ha_transform_fx_translate_y_hover_tablet":{"unit":"px","size":"","sizes":[]},"ha_transform_fx_translate_y_hover_mobile":{"unit":"px","size":"","sizes":[]},"ha_transform_fx_rotate_toggle_hover":"","ha_transform_fx_rotate_mode_hover":"loose","ha_transform_fx_rotate_x_hover":{"unit":"px","size":"","sizes":[]},"ha_transform_fx_rotate_x_hover_tablet":{"unit":"px","size":"","sizes":[]},"ha_transform_fx_rotate_x_hover_mobile":{"unit":"px","size":"","sizes":[]},"ha_transform_fx_rotate_y_hover":{"unit":"px","size":"","sizes":[]},"ha_transform_fx_rotate_y_hover_tablet":{"unit":"px","size":"","sizes":[]},"ha_transform_fx_rotate_y_hover_mobile":{"unit":"px","size":"","sizes":[]},"ha_transform_fx_rotate_z_hover":{"unit":"px","size":"","sizes":[]},"ha_transform_fx_rotate_z_hover_tablet":{"unit":"px","size":"","sizes":[]},"ha_transform_fx_rotate_z_hover_mobile":{"unit":"px","size":"","sizes":[]},"ha_transform_fx_scale_toggle_hover":"","ha_transform_fx_scale_mode_hover":"loose","ha_transform_fx_scale_x_hover":{"unit":"px","size":1,"sizes":[]},"ha_transform_fx_scale_x_hover_tablet":{"unit":"px","size":"","sizes":[]},"ha_transform_fx_scale_x_hover_mobile":{"unit":"px","size":"","sizes":[]},"ha_transform_fx_scale_y_hover":{"unit":"px","size":1,"sizes":[]},"ha_transform_fx_scale_y_hover_tablet":{"unit":"px","size":"","sizes":[]},"ha_transform_fx_scale_y_hover_mobile":{"unit":"px","size":"","sizes":[]},"ha_transform_fx_skew_toggle_hover":"","ha_transform_fx_skew_x_hover":{"unit":"px","size":"","sizes":[]},"ha_transform_fx_skew_x_hover_tablet":{"unit":"px","size":"","sizes":[]},"ha_transform_fx_skew_x_hover_mobile":{"unit":"px","size":"","sizes":[]},"ha_transform_fx_skew_y_hover":{"unit":"px","size":"","sizes":[]},"ha_transform_fx_skew_y_hover_tablet":{"unit":"px","size":"","sizes":[]},"ha_transform_fx_skew_y_hover_mobile":{"unit":"px","size":"","sizes":[]},"ha_transform_fx_transition_duration":{"unit":"px","size":"","sizes":[]},"motion_fx_motion_fx_scrolling":"","motion_fx_translateY_effect":"","motion_fx_translateY_direction":"","motion_fx_translateY_speed":{"unit":"px","size":4,"sizes":[]},"motion_fx_translateY_affectedRange":{"unit":"%","size":"","sizes":{"start":0,"end":100}},"motion_fx_translateX_effect":"","motion_fx_translateX_direction":"","motion_fx_translateX_speed":{"unit":"px","size":4,"sizes":[]},"motion_fx_translateX_affectedRange":{"unit":"%","size":"","sizes":{"start":0,"end":100}},"motion_fx_opacity_effect":"","motion_fx_opacity_direction":"out-in","motion_fx_opacity_level":{"unit":"px","size":10,"sizes":[]},"motion_fx_opacity_range":{"unit":"%","size":"","sizes":{"start":20,"end":80}},"motion_fx_blur_effect":"","motion_fx_blur_direction":"out-in","motion_fx_blur_level":{"unit":"px","size":7,"sizes":[]},"motion_fx_blur_range":{"unit":"%","size":"","sizes":{"start":20,"end":80}},"motion_fx_rotateZ_effect":"","motion_fx_rotateZ_direction":"","motion_fx_rotateZ_speed":{"unit":"px","size":1,"sizes":[]},"motion_fx_rotateZ_affectedRange":{"unit":"%","size":"","sizes":{"start":0,"end":100}},"motion_fx_scale_effect":"","motion_fx_scale_direction":"out-in","motion_fx_scale_speed":{"unit":"px","size":4,"sizes":[]},"motion_fx_scale_range":{"unit":"%","size":"","sizes":{"start":20,"end":80}},"motion_fx_transform_origin_x":"center","motion_fx_transform_origin_y":"center","motion_fx_devices":["desktop","tablet","mobile"],"motion_fx_range":"","motion_fx_motion_fx_mouse":"","motion_fx_mouseTrack_effect":"","motion_fx_mouseTrack_direction":"","motion_fx_mouseTrack_speed":{"unit":"px","size":1,"sizes":[]},"motion_fx_tilt_effect":"","motion_fx_tilt_direction":"","motion_fx_tilt_speed":{"unit":"px","size":4,"sizes":[]},"sticky":"","sticky_on":["desktop","tablet","mobile"],"sticky_offset":0,"sticky_offset_tablet":"","sticky_offset_mobile":"","sticky_effects_offset":0,"sticky_effects_offset_tablet":"","sticky_effects_offset_mobile":"","sticky_parent":"","_animation":"","_animation_tablet":"","_animation_mobile":"","animation_duration":"","_animation_delay":"","_transform_rotate_popover":"","_transform_rotateZ_effect":{"unit":"px","size":"","sizes":[]},"_transform_rotateZ_effect_tablet":{"unit":"px","size":"","sizes":[]},"_transform_rotateZ_effect_mobile":{"unit":"px","size":"","sizes":[]},"_transform_rotate_3d":"","_transform_rotateX_effect":{"unit":"px","size":"","sizes":[]},"_transform_rotateX_effect_tablet":{"unit":"px","size":"","sizes":[]},"_transform_rotateX_effect_mobile":{"unit":"px","size":"","sizes":[]},"_transform_rotateY_effect":{"unit":"px","size":"","sizes":[]},"_transform_rotateY_effect_tablet":{"unit":"px","size":"","sizes":[]},"_transform_rotateY_effect_mobile":{"unit":"px","size":"","sizes":[]},"_transform_perspective_effect":{"unit":"px","size":"","sizes":[]},"_transform_perspective_effect_tablet":{"unit":"px","size":"","sizes":[]},"_transform_perspective_effect_mobile":{"unit":"px","size":"","sizes":[]},"_transform_translate_popover":"","_transform_translateX_effect":{"unit":"px","size":"","sizes":[]},"_transform_translateX_effect_tablet":{"unit":"px","size":"","sizes":[]},"_transform_translateX_effect_mobile":{"unit":"px","size":"","sizes":[]},"_transform_translateY_effect":{"unit":"px","size":"","sizes":[]},"_transform_translateY_effect_tablet":{"unit":"px","size":"","sizes":[]},"_transform_translateY_effect_mobile":{"unit":"px","size":"","sizes":[]},"_transform_scale_popover":"","_transform_keep_proportions":"yes","_transform_scale_effect":{"unit":"px","size":"","sizes":[]},"_transform_scale_effect_tablet":{"unit":"px","size":"","sizes":[]},"_transform_scale_effect_mobile":{"unit":"px","size":"","sizes":[]},"_transform_scaleX_effect":{"unit":"px","size":"","sizes":[]},"_transform_scaleX_effect_tablet":{"unit":"px","size":"","sizes":[]},"_transform_scaleX_effect_mobile":{"unit":"px","size":"","sizes":[]},"_transform_scaleY_effect":{"unit":"px","size":"","sizes":[]},"_transform_scaleY_effect_tablet":{"unit":"px","size":"","sizes":[]},"_transform_scaleY_effect_mobile":{"unit":"px","size":"","sizes":[]},"_transform_skew_popover":"","_transform_skewX_effect":{"unit":"px","size":"","sizes":[]},"_transform_skewX_effect_tablet":{"unit":"px","size":"","sizes":[]},"_transform_skewX_effect_mobile":{"unit":"px","size":"","sizes":[]},"_transform_skewY_effect":{"unit":"px","size":"","sizes":[]},"_transform_skewY_effect_tablet":{"unit":"px","size":"","sizes":[]},"_transform_skewY_effect_mobile":{"unit":"px","size":"","sizes":[]},"_transform_flipX_effect":"","_transform_flipY_effect":"","_transform_rotate_popover_hover":"","_transform_rotateZ_effect_hover":{"unit":"px","size":"","sizes":[]},"_transform_rotateZ_effect_hover_tablet":{"unit":"px","size":"","sizes":[]},"_transform_rotateZ_effect_hover_mobile":{"unit":"px","size":"","sizes":[]},"_transform_rotate_3d_hover":"","_transform_rotateX_effect_hover":{"unit":"px","size":"","sizes":[]},"_transform_rotateX_effect_hover_tablet":{"unit":"px","size":"","sizes":[]},"_transform_rotateX_effect_hover_mobile":{"unit":"px","size":"","sizes":[]},"_transform_rotateY_effect_hover":{"unit":"px","size":"","sizes":[]},"_transform_rotateY_effect_hover_tablet":{"unit":"px","size":"","sizes":[]},"_transform_rotateY_effect_hover_mobile":{"unit":"px","size":"","sizes":[]},"_transform_perspective_effect_hover":{"unit":"px","size":"","sizes":[]},"_transform_perspective_effect_hover_tablet":{"unit":"px","size":"","sizes":[]},"_transform_perspective_effect_hover_mobile":{"unit":"px","size":"","sizes":[]},"_transform_translate_popover_hover":"","_transform_translateX_effect_hover":{"unit":"px","size":"","sizes":[]},"_transform_translateX_effect_hover_tablet":{"unit":"px","size":"","sizes":[]},"_transform_translateX_effect_hover_mobile":{"unit":"px","size":"","sizes":[]},"_transform_translateY_effect_hover":{"unit":"px","size":"","sizes":[]},"_transform_translateY_effect_hover_tablet":{"unit":"px","size":"","sizes":[]},"_transform_translateY_effect_hover_mobile":{"unit":"px","size":"","sizes":[]},"_transform_scale_popover_hover":"","_transform_keep_proportions_hover":"yes","_transform_scale_effect_hover":{"unit":"px","size":"","sizes":[]},"_transform_scale_effect_hover_tablet":{"unit":"px","size":"","sizes":[]},"_transform_scale_effect_hover_mobile":{"unit":"px","size":"","sizes":[]},"_transform_scaleX_effect_hover":{"unit":"px","size":"","sizes":[]},"_transform_scaleX_effect_hover_tablet":{"unit":"px","size":"","sizes":[]},"_transform_scaleX_effect_hover_mobile":{"unit":"px","size":"","sizes":[]},"_transform_scaleY_effect_hover":{"unit":"px","size":"","sizes":[]},"_transform_scaleY_effect_hover_tablet":{"unit":"px","size":"","sizes":[]},"_transform_scaleY_effect_hover_mobile":{"unit":"px","size":"","sizes":[]},"_transform_skew_popover_hover":"","_transform_skewX_effect_hover":{"unit":"px","size":"","sizes":[]},"_transform_skewX_effect_hover_tablet":{"unit":"px","size":"","sizes":[]},"_transform_skewX_effect_hover_mobile":{"unit":"px","size":"","sizes":[]},"_transform_skewY_effect_hover":{"unit":"px","size":"","sizes":[]},"_transform_skewY_effect_hover_tablet":{"unit":"px","size":"","sizes":[]},"_transform_skewY_effect_hover_mobile":{"unit":"px","size":"","sizes":[]},"_transform_flipX_effect_hover":"","_transform_flipY_effect_hover":"","_transform_transition_hover":{"unit":"px","size":"","sizes":[]},"motion_fx_transform_x_anchor_point":"","motion_fx_transform_x_anchor_point_tablet":"","motion_fx_transform_x_anchor_point_mobile":"","motion_fx_transform_y_anchor_point":"","motion_fx_transform_y_anchor_point_tablet":"","motion_fx_transform_y_anchor_point_mobile":"","_background_background":"","_background_color":"","_background_color_stop":{"unit":"%","size":0,"sizes":[]},"_background_color_b":"#f2295b","_background_color_b_stop":{"unit":"%","size":100,"sizes":[]},"_background_gradient_type":"linear","_background_gradient_angle":{"unit":"deg","size":180,"sizes":[]},"_background_gradient_position":"center center","_background_image":{"url":"","id":""},"_background_image_tablet":{"url":"","id":""},"_background_image_mobile":{"url":"","id":""},"_background_position":"","_background_position_tablet":"","_background_position_mobile":"","_background_xpos":{"unit":"px","size":0,"sizes":[]},"_background_xpos_tablet":{"unit":"px","size":0,"sizes":[]},"_background_xpos_mobile":{"unit":"px","size":0,"sizes":[]},"_background_ypos":{"unit":"px","size":0,"sizes":[]},"_background_ypos_tablet":{"unit":"px","size":0,"sizes":[]},"_background_ypos_mobile":{"unit":"px","size":0,"sizes":[]},"_background_attachment":"","_background_repeat":"","_background_repeat_tablet":"","_background_repeat_mobile":"","_background_size":"","_background_size_tablet":"","_background_size_mobile":"","_background_bg_width":{"unit":"%","size":100,"sizes":[]},"_background_bg_width_tablet":{"unit":"px","size":"","sizes":[]},"_background_bg_width_mobile":{"unit":"px","size":"","sizes":[]},"_background_video_link":"","_background_video_start":"","_background_video_end":"","_background_play_once":"","_background_play_on_mobile":"","_background_privacy_mode":"","_background_video_fallback":{"url":"","id":""},"_background_slideshow_gallery":[],"_background_slideshow_loop":"yes","_background_slideshow_slide_duration":5000,"_background_slideshow_slide_transition":"fade","_background_slideshow_transition_duration":500,"_background_slideshow_background_size":"","_background_slideshow_background_size_tablet":"","_background_slideshow_background_size_mobile":"","_background_slideshow_background_position":"","_background_slideshow_background_position_tablet":"","_background_slideshow_background_position_mobile":"","_background_slideshow_lazyload":"","_background_slideshow_ken_burns":"","_background_slideshow_ken_burns_zoom_direction":"in","_background_hover_background":"","_background_hover_color":"","_background_hover_color_stop":{"unit":"%","size":0,"sizes":[]},"_background_hover_color_b":"#f2295b","_background_hover_color_b_stop":{"unit":"%","size":100,"sizes":[]},"_background_hover_gradient_type":"linear","_background_hover_gradient_angle":{"unit":"deg","size":180,"sizes":[]},"_background_hover_gradient_position":"center center","_background_hover_image":{"url":"","id":""},"_background_hover_image_tablet":{"url":"","id":""},"_background_hover_image_mobile":{"url":"","id":""},"_background_hover_position":"","_background_hover_position_tablet":"","_background_hover_position_mobile":"","_background_hover_xpos":{"unit":"px","size":0,"sizes":[]},"_background_hover_xpos_tablet":{"unit":"px","size":0,"sizes":[]},"_background_hover_xpos_mobile":{"unit":"px","size":0,"sizes":[]},"_background_hover_ypos":{"unit":"px","size":0,"sizes":[]},"_background_hover_ypos_tablet":{"unit":"px","size":0,"sizes":[]},"_background_hover_ypos_mobile":{"unit":"px","size":0,"sizes":[]},"_background_hover_attachment":"","_background_hover_repeat":"","_background_hover_repeat_tablet":"","_background_hover_repeat_mobile":"","_background_hover_size":"","_background_hover_size_tablet":"","_background_hover_size_mobile":"","_background_hover_bg_width":{"unit":"%","size":100,"sizes":[]},"_background_hover_bg_width_tablet":{"unit":"px","size":"","sizes":[]},"_background_hover_bg_width_mobile":{"unit":"px","size":"","sizes":[]},"_background_hover_video_link":"","_background_hover_video_start":"","_background_hover_video_end":"","_background_hover_play_once":"","_background_hover_play_on_mobile":"","_background_hover_privacy_mode":"","_background_hover_video_fallback":{"url":"","id":""},"_background_hover_slideshow_gallery":[],"_background_hover_slideshow_loop":"yes","_background_hover_slideshow_slide_duration":5000,"_background_hover_slideshow_slide_transition":"fade","_background_hover_slideshow_transition_duration":500,"_background_hover_slideshow_background_size":"","_background_hover_slideshow_background_size_tablet":"","_background_hover_slideshow_background_size_mobile":"","_background_hover_slideshow_background_position":"","_background_hover_slideshow_background_position_tablet":"","_background_hover_slideshow_background_position_mobile":"","_background_hover_slideshow_lazyload":"","_background_hover_slideshow_ken_burns":"","_background_hover_slideshow_ken_burns_zoom_direction":"in","_background_hover_transition":{"unit":"px","size":"","sizes":[]},"_ha_background_overlay_background":"","_ha_background_overlay_color":"","_ha_background_overlay_color_stop":{"unit":"%","size":0,"sizes":[]},"_ha_background_overlay_color_b":"#f2295b","_ha_background_overlay_color_b_stop":{"unit":"%","size":100,"sizes":[]},"_ha_background_overlay_gradient_type":"linear","_ha_background_overlay_gradient_angle":{"unit":"deg","size":180,"sizes":[]},"_ha_background_overlay_gradient_position":"center center","_ha_background_overlay_image":{"url":"","id":""},"_ha_background_overlay_image_tablet":{"url":"","id":""},"_ha_background_overlay_image_mobile":{"url":"","id":""},"_ha_background_overlay_position":"","_ha_background_overlay_position_tablet":"","_ha_background_overlay_position_mobile":"","_ha_background_overlay_xpos":{"unit":"px","size":0,"sizes":[]},"_ha_background_overlay_xpos_tablet":{"unit":"px","size":0,"sizes":[]},"_ha_background_overlay_xpos_mobile":{"unit":"px","size":0,"sizes":[]},"_ha_background_overlay_ypos":{"unit":"px","size":0,"sizes":[]},"_ha_background_overlay_ypos_tablet":{"unit":"px","size":0,"sizes":[]},"_ha_background_overlay_ypos_mobile":{"unit":"px","size":0,"sizes":[]},"_ha_background_overlay_attachment":"","_ha_background_overlay_repeat":"","_ha_background_overlay_repeat_tablet":"","_ha_background_overlay_repeat_mobile":"","_ha_background_overlay_size":"","_ha_background_overlay_size_tablet":"","_ha_background_overlay_size_mobile":"","_ha_background_overlay_bg_width":{"unit":"%","size":100,"sizes":[]},"_ha_background_overlay_bg_width_tablet":{"unit":"px","size":"","sizes":[]},"_ha_background_overlay_bg_width_mobile":{"unit":"px","size":"","sizes":[]},"_ha_background_overlay_video_link":"","_ha_background_overlay_video_start":"","_ha_background_overlay_video_end":"","_ha_background_overlay_play_once":"","_ha_background_overlay_play_on_mobile":"","_ha_background_overlay_privacy_mode":"","_ha_background_overlay_video_fallback":{"url":"","id":""},"_ha_background_overlay_slideshow_gallery":[],"_ha_background_overlay_slideshow_loop":"yes","_ha_background_overlay_slideshow_slide_duration":5000,"_ha_background_overlay_slideshow_slide_transition":"fade","_ha_background_overlay_slideshow_transition_duration":500,"_ha_background_overlay_slideshow_background_size":"","_ha_background_overlay_slideshow_background_size_tablet":"","_ha_background_overlay_slideshow_background_size_mobile":"","_ha_background_overlay_slideshow_background_position":"","_ha_background_overlay_slideshow_background_position_tablet":"","_ha_background_overlay_slideshow_background_position_mobile":"","_ha_background_overlay_slideshow_lazyload":"","_ha_background_overlay_slideshow_ken_burns":"","_ha_background_overlay_slideshow_ken_burns_zoom_direction":"in","_ha_background_overlay_opacity":{"unit":"px","size":0.5,"sizes":[]},"_ha_css_filters_css_filter":"","_ha_css_filters_blur":{"unit":"px","size":0,"sizes":[]},"_ha_css_filters_brightness":{"unit":"px","size":100,"sizes":[]},"_ha_css_filters_contrast":{"unit":"px","size":100,"sizes":[]},"_ha_css_filters_saturate":{"unit":"px","size":100,"sizes":[]},"_ha_css_filters_hue":{"unit":"px","size":0,"sizes":[]},"_ha_overlay_blend_mode":"","_ha_background_overlay_hover_background":"","_ha_background_overlay_hover_color":"","_ha_background_overlay_hover_color_stop":{"unit":"%","size":0,"sizes":[]},"_ha_background_overlay_hover_color_b":"#f2295b","_ha_background_overlay_hover_color_b_stop":{"unit":"%","size":100,"sizes":[]},"_ha_background_overlay_hover_gradient_type":"linear","_ha_background_overlay_hover_gradient_angle":{"unit":"deg","size":180,"sizes":[]},"_ha_background_overlay_hover_gradient_position":"center center","_ha_background_overlay_hover_image":{"url":"","id":""},"_ha_background_overlay_hover_image_tablet":{"url":"","id":""},"_ha_background_overlay_hover_image_mobile":{"url":"","id":""},"_ha_background_overlay_hover_position":"","_ha_background_overlay_hover_position_tablet":"","_ha_background_overlay_hover_position_mobile":"","_ha_background_overlay_hover_xpos":{"unit":"px","size":0,"sizes":[]},"_ha_background_overlay_hover_xpos_tablet":{"unit":"px","size":0,"sizes":[]},"_ha_background_overlay_hover_xpos_mobile":{"unit":"px","size":0,"sizes":[]},"_ha_background_overlay_hover_ypos":{"unit":"px","size":0,"sizes":[]},"_ha_background_overlay_hover_ypos_tablet":{"unit":"px","size":0,"sizes":[]},"_ha_background_overlay_hover_ypos_mobile":{"unit":"px","size":0,"sizes":[]},"_ha_background_overlay_hover_attachment":"","_ha_background_overlay_hover_repeat":"","_ha_background_overlay_hover_repeat_tablet":"","_ha_background_overlay_hover_repeat_mobile":"","_ha_background_overlay_hover_size":"","_ha_background_overlay_hover_size_tablet":"","_ha_background_overlay_hover_size_mobile":"","_ha_background_overlay_hover_bg_width":{"unit":"%","size":100,"sizes":[]},"_ha_background_overlay_hover_bg_width_tablet":{"unit":"px","size":"","sizes":[]},"_ha_background_overlay_hover_bg_width_mobile":{"unit":"px","size":"","sizes":[]},"_ha_background_overlay_hover_video_link":"","_ha_background_overlay_hover_video_start":"","_ha_background_overlay_hover_video_end":"","_ha_background_overlay_hover_play_once":"","_ha_background_overlay_hover_play_on_mobile":"","_ha_background_overlay_hover_privacy_mode":"","_ha_background_overlay_hover_video_fallback":{"url":"","id":""},"_ha_background_overlay_hover_slideshow_gallery":[],"_ha_background_overlay_hover_slideshow_loop":"yes","_ha_background_overlay_hover_slideshow_slide_duration":5000,"_ha_background_overlay_hover_slideshow_slide_transition":"fade","_ha_background_overlay_hover_slideshow_transition_duration":500,"_ha_background_overlay_hover_slideshow_background_size":"","_ha_background_overlay_hover_slideshow_background_size_tablet":"","_ha_background_overlay_hover_slideshow_background_size_mobile":"","_ha_background_overlay_hover_slideshow_background_position":"","_ha_background_overlay_hover_slideshow_background_position_tablet":"","_ha_background_overlay_hover_slideshow_background_position_mobile":"","_ha_background_overlay_hover_slideshow_lazyload":"","_ha_background_overlay_hover_slideshow_ken_burns":"","_ha_background_overlay_hover_slideshow_ken_burns_zoom_direction":"in","_ha_background_overlay_hover_opacity":{"unit":"px","size":0.5,"sizes":[]},"_ha_css_filters_hover_css_filter":"","_ha_css_filters_hover_blur":{"unit":"px","size":0,"sizes":[]},"_ha_css_filters_hover_brightness":{"unit":"px","size":100,"sizes":[]},"_ha_css_filters_hover_contrast":{"unit":"px","size":100,"sizes":[]},"_ha_css_filters_hover_saturate":{"unit":"px","size":100,"sizes":[]},"_ha_css_filters_hover_hue":{"unit":"px","size":0,"sizes":[]},"_ha_background_overlay_hover_transition":{"unit":"px","size":0.3,"sizes":[]},"_border_border":"","_border_width":{"unit":"px","top":"","right":"","bottom":"","left":"","isLinked":true},"_border_width_tablet":{"unit":"px","top":"","right":"","bottom":"","left":"","isLinked":true},"_border_width_mobile":{"unit":"px","top":"","right":"","bottom":"","left":"","isLinked":true},"_border_color":"","_border_radius":{"unit":"px","top":"","right":"","bottom":"","left":"","isLinked":true},"_border_radius_tablet":{"unit":"px","top":"","right":"","bottom":"","left":"","isLinked":true},"_border_radius_mobile":{"unit":"px","top":"","right":"","bottom":"","left":"","isLinked":true},"_box_shadow_box_shadow_type":"","_box_shadow_box_shadow":{"horizontal":0,"vertical":0,"blur":10,"spread":0,"color":"rgba(0,0,0,0.5)"},"_box_shadow_box_shadow_position":" ","_border_hover_border":"","_border_hover_width":{"unit":"px","top":"","right":"","bottom":"","left":"","isLinked":true},"_border_hover_width_tablet":{"unit":"px","top":"","right":"","bottom":"","left":"","isLinked":true},"_border_hover_width_mobile":{"unit":"px","top":"","right":"","bottom":"","left":"","isLinked":true},"_border_hover_color":"","_border_radius_hover":{"unit":"px","top":"","right":"","bottom":"","left":"","isLinked":true},"_border_radius_hover_tablet":{"unit":"px","top":"","right":"","bottom":"","left":"","isLinked":true},"_border_radius_hover_mobile":{"unit":"px","top":"","right":"","bottom":"","left":"","isLinked":true},"_box_shadow_hover_box_shadow_type":"","_box_shadow_hover_box_shadow":{"horizontal":0,"vertical":0,"blur":10,"spread":0,"color":"rgba(0,0,0,0.5)"},"_box_shadow_hover_box_shadow_position":" ","_border_hover_transition":{"unit":"px","size":"","sizes":[]},"_mask_switch":"","_mask_shape":"circle","_mask_image":{"url":"","id":""},"_mask_notice":"","_mask_size":"contain","_mask_size_tablet":"","_mask_size_mobile":"","_mask_size_scale":{"unit":"%","size":100,"sizes":[]},"_mask_size_scale_tablet":{"unit":"px","size":"","sizes":[]},"_mask_size_scale_mobile":{"unit":"px","size":"","sizes":[]},"_mask_position":"center center","_mask_position_tablet":"","_mask_position_mobile":"","_mask_position_x":{"unit":"%","size":0,"sizes":[]},"_mask_position_x_tablet":{"unit":"px","size":"","sizes":[]},"_mask_position_x_mobile":{"unit":"px","size":"","sizes":[]},"_mask_position_y":{"unit":"%","size":0,"sizes":[]},"_mask_position_y_tablet":{"unit":"px","size":"","sizes":[]},"_mask_position_y_mobile":{"unit":"px","size":"","sizes":[]},"_mask_repeat":"no-repeat","_mask_repeat_tablet":"","_mask_repeat_mobile":"","hide_desktop":"","hide_tablet":"","hide_mobile":"","_attributes":"","custom_css":""}}