{"design-1":{"section_cart_table_typography_typography":"custom","section_cart_table_typography_font_family":"Nunito","section_cart_table_border_border":"solid","section_cart_table_head_typography_typography":"custom","section_cart_table_head_typography_font_family":"Nunito","section_cart_table_head_typography_font_size":{"unit":"px","size":14,"sizes":[]},"section_cart_table_head_typography_font_weight":"bold","section_cart_table_head_typography_text_transform":"uppercase","cart_items_row_separator_size":{"unit":"px","size":0,"sizes":[]},"cart_items_even_row_text_color":"#000000","cart_items_even_row_links_color":"#000000","cart_items_even_row_background_color":"#FFFFFF","cart_items_odd_row_links_color":"#000000","cart_items_odd_row_background_color":"#FFFFFF","cart_items_image_width":{"unit":"px","size":50,"sizes":[]},"cart_items_quantity_input_padding":{"unit":"px","top":"8","right":"8","bottom":"8","left":"8","isLinked":true},"cart_items_remove_icon_color":"#000000","cart_items_remove_icon_color_hover":"#FFFFFF","cart_items_remove_icon_bg_hover":"#393939","form_coupon_input_typography_typography":"custom","form_coupon_input_typography_font_family":"Nunito","form_coupon_input_width":{"unit":"px","size":240,"sizes":[]},"form_coupon_input_height":{"unit":"px","size":40,"sizes":[]},"form_coupon_input_border_border":"solid","form_coupon_input_border_width":{"unit":"px","top":"1","right":"1","bottom":"1","left":"1","isLinked":true},"form_coupon_input_border_color":"#E5E5E5","form_coupon_button_typography_typography":"custom","form_coupon_button_typography_font_family":"Nunito","form_coupon_button_typography_font_size":{"unit":"px","size":12,"sizes":[]},"form_coupon_button_typography_font_weight":"bold","form_coupon_button_typography_text_transform":"uppercase","form_coupon_button_padding":{"unit":"px","top":"13","right":"20","bottom":"13","left":"20","isLinked":false},"form_coupon_button_bg_color_normal":"#393939","form_coupon_button_text_color_normal":"#FFFFFF","form_coupon_button_bg_color_hover":"#E14889","update_cart_button_typography_typography":"custom","update_cart_button_typography_font_family":"Nunito","update_cart_button_typography_font_size":{"unit":"px","size":12,"sizes":[]},"update_cart_button_typography_text_transform":"uppercase","update_cart_button_border_normal_border":"solid","update_cart_button_border_normal_width":{"unit":"px","top":"1","right":"1","bottom":"1","left":"1","isLinked":true},"update_cart_button_border_normal_color":"#E5E5E5","update_cart_button_padding":{"unit":"px","top":"13","right":"20","bottom":"13","left":"20","isLinked":false},"update_cart_button_bg_color_normal":"#FFFFFF","update_cart_button_bg_color_hover":"#393939","update_cart_button_text_color_hover":"#FFFFFF","update_cart_button_border_color_hover":"#393939","sections_headings_text_color":"#000000","sections_headings_typography_typography":"custom","sections_headings_typography_font_family":"Nunito","sections_headings_typography_font_size":{"unit":"px","size":18,"sizes":[]},"sections_headings_typography_font_weight":"bold","sections_headings_typography_text_transform":"uppercase","sections_headings_spacing":{"unit":"px","size":15,"sizes":[]},"cart_totals_border_border":"solid","cart_totals_border_width":{"unit":"px","top":"0","right":"0","bottom":"0","left":"0","isLinked":true},"cart_totals_box_shadow_box_shadow_type":"yes","cart_totals_box_shadow_box_shadow":{"horizontal":0,"vertical":0,"blur":"","spread":0,"color":"rgba(0,0,0,0.5)"},"cart_totals_text_typography_typography":"custom","cart_totals_text_typography_font_family":"Nunito","cart_totals_headings_typography_typography":"custom","cart_totals_headings_typography_font_family":"Nunito","checkout_button_border_radius":{"unit":"px","top":"3","right":"3","bottom":"3","left":"3","isLinked":true},"checkout_button_padding":{"unit":"px","top":"20","right":"30","bottom":"20","left":"30","isLinked":false},"checkout_button_bg_color_normal":"#E14889","checkout_button_bg_color_hover":"#393939","cart_table_update_cart_row_bg":"#FFFFFF","hide_coupon":"","hide_cross_sells":"","section_cart_table_typography_font_size":{"unit":"px","size":"","sizes":[]},"section_cart_table_typography_font_size_tablet":{"unit":"px","size":"","sizes":[]},"section_cart_table_typography_font_size_mobile":{"unit":"px","size":"","sizes":[]},"section_cart_table_typography_font_weight":"","section_cart_table_typography_text_transform":"","section_cart_table_typography_font_style":"","section_cart_table_typography_text_decoration":"","section_cart_table_typography_line_height":{"unit":"em","size":"","sizes":[]},"section_cart_table_typography_line_height_tablet":{"unit":"em","size":"","sizes":[]},"section_cart_table_typography_line_height_mobile":{"unit":"em","size":"","sizes":[]},"section_cart_table_typography_letter_spacing":{"unit":"px","size":"","sizes":[]},"section_cart_table_typography_letter_spacing_tablet":{"unit":"px","size":"","sizes":[]},"section_cart_table_typography_letter_spacing_mobile":{"unit":"px","size":"","sizes":[]},"section_cart_table_typography_word_spacing":{"unit":"em","size":"","sizes":[]},"section_cart_table_typography_word_spacing_tablet":{"unit":"em","size":"","sizes":[]},"section_cart_table_typography_word_spacing_mobile":{"unit":"em","size":"","sizes":[]},"section_cart_table_background_background":"","section_cart_table_background_color":"","section_cart_table_background_color_stop":{"unit":"%","size":0,"sizes":[]},"section_cart_table_background_color_b":"#f2295b","section_cart_table_background_color_b_stop":{"unit":"%","size":100,"sizes":[]},"section_cart_table_background_gradient_type":"linear","section_cart_table_background_gradient_angle":{"unit":"deg","size":180,"sizes":[]},"section_cart_table_background_gradient_position":"center center","section_cart_table_background_image":{"url":"","id":""},"section_cart_table_background_image_tablet":{"url":"","id":""},"section_cart_table_background_image_mobile":{"url":"","id":""},"section_cart_table_background_position":"","section_cart_table_background_position_tablet":"","section_cart_table_background_position_mobile":"","section_cart_table_background_xpos":{"unit":"px","size":0,"sizes":[]},"section_cart_table_background_xpos_tablet":{"unit":"px","size":0,"sizes":[]},"section_cart_table_background_xpos_mobile":{"unit":"px","size":0,"sizes":[]},"section_cart_table_background_ypos":{"unit":"px","size":0,"sizes":[]},"section_cart_table_background_ypos_tablet":{"unit":"px","size":0,"sizes":[]},"section_cart_table_background_ypos_mobile":{"unit":"px","size":0,"sizes":[]},"section_cart_table_background_attachment":"","section_cart_table_background_repeat":"","section_cart_table_background_repeat_tablet":"","section_cart_table_background_repeat_mobile":"","section_cart_table_background_size":"","section_cart_table_background_size_tablet":"","section_cart_table_background_size_mobile":"","section_cart_table_background_bg_width":{"unit":"%","size":100,"sizes":[]},"section_cart_table_background_bg_width_tablet":{"unit":"px","size":"","sizes":[]},"section_cart_table_background_bg_width_mobile":{"unit":"px","size":"","sizes":[]},"section_cart_table_background_video_link":"","section_cart_table_background_video_start":"","section_cart_table_background_video_end":"","section_cart_table_background_play_once":"","section_cart_table_background_play_on_mobile":"","section_cart_table_background_privacy_mode":"","section_cart_table_background_video_fallback":{"url":"","id":""},"section_cart_table_background_slideshow_gallery":[],"section_cart_table_background_slideshow_loop":"yes","section_cart_table_background_slideshow_slide_duration":5000,"section_cart_table_background_slideshow_slide_transition":"fade","section_cart_table_background_slideshow_transition_duration":500,"section_cart_table_background_slideshow_background_size":"","section_cart_table_background_slideshow_background_size_tablet":"","section_cart_table_background_slideshow_background_size_mobile":"","section_cart_table_background_slideshow_background_position":"","section_cart_table_background_slideshow_background_position_tablet":"","section_cart_table_background_slideshow_background_position_mobile":"","section_cart_table_background_slideshow_lazyload":"","section_cart_table_background_slideshow_ken_burns":"","section_cart_table_background_slideshow_ken_burns_zoom_direction":"in","section_cart_table_border_width":{"unit":"px","top":"","right":"","bottom":"","left":"","isLinked":true},"section_cart_table_border_width_tablet":{"unit":"px","top":"","right":"","bottom":"","left":"","isLinked":true},"section_cart_table_border_width_mobile":{"unit":"px","top":"","right":"","bottom":"","left":"","isLinked":true},"section_cart_table_border_color":"","section_cart_table_border_radius":{"unit":"px","top":"","right":"","bottom":"","left":"","isLinked":true},"section_cart_table_box_shadow_box_shadow_type":"","section_cart_table_box_shadow_box_shadow":{"horizontal":0,"vertical":0,"blur":10,"spread":0,"color":"rgba(0,0,0,0.5)"},"section_cart_table_box_shadow_box_shadow_position":" ","section_cart_table_head_typography_font_size_tablet":{"unit":"px","size":"","sizes":[]},"section_cart_table_head_typography_font_size_mobile":{"unit":"px","size":"","sizes":[]},"section_cart_table_head_typography_font_style":"","section_cart_table_head_typography_text_decoration":"","section_cart_table_head_typography_line_height":{"unit":"em","size":"","sizes":[]},"section_cart_table_head_typography_line_height_tablet":{"unit":"em","size":"","sizes":[]},"section_cart_table_head_typography_line_height_mobile":{"unit":"em","size":"","sizes":[]},"section_cart_table_head_typography_letter_spacing":{"unit":"px","size":"","sizes":[]},"section_cart_table_head_typography_letter_spacing_tablet":{"unit":"px","size":"","sizes":[]},"section_cart_table_head_typography_letter_spacing_mobile":{"unit":"px","size":"","sizes":[]},"section_cart_table_head_typography_word_spacing":{"unit":"em","size":"","sizes":[]},"section_cart_table_head_typography_word_spacing_tablet":{"unit":"em","size":"","sizes":[]},"section_cart_table_head_typography_word_spacing_mobile":{"unit":"em","size":"","sizes":[]},"section_review_order_table_head_text_color":"","section_review_order_table_head_background_color":"","cart_items_row_separator_type":"solid","cart_items_row_separator_color":"","cart_items_row_separator_size_tablet":{"unit":"px","size":"","sizes":[]},"cart_items_row_separator_size_mobile":{"unit":"px","size":"","sizes":[]},"cart_items_odd_row_text_color":"","cart_items_image_width_tablet":{"unit":"px","size":"","sizes":[]},"cart_items_image_width_mobile":{"unit":"px","size":"","sizes":[]},"cart_items_quantity_input_width":{"unit":"px","size":"","sizes":[]},"cart_items_quantity_input_width_tablet":{"unit":"px","size":"","sizes":[]},"cart_items_quantity_input_width_mobile":{"unit":"px","size":"","sizes":[]},"cart_items_quantity_input_padding_tablet":{"unit":"px","top":"","right":"","bottom":"","left":"","isLinked":true},"cart_items_quantity_input_padding_mobile":{"unit":"px","top":"","right":"","bottom":"","left":"","isLinked":true},"cart_items_quantity_input_bg_color":"","cart_items_quantity_input_border_border":"","cart_items_quantity_input_border_width":{"unit":"px","top":"","right":"","bottom":"","left":"","isLinked":true},"cart_items_quantity_input_border_width_tablet":{"unit":"px","top":"","right":"","bottom":"","left":"","isLinked":true},"cart_items_quantity_input_border_width_mobile":{"unit":"px","top":"","right":"","bottom":"","left":"","isLinked":true},"cart_items_quantity_input_border_color":"","cart_items_quantity_input_border_radius":{"unit":"px","top":"","right":"","bottom":"","left":"","isLinked":true},"cart_items_quantity_input_border_radius_tablet":{"unit":"px","top":"","right":"","bottom":"","left":"","isLinked":true},"cart_items_quantity_input_border_radius_mobile":{"unit":"px","top":"","right":"","bottom":"","left":"","isLinked":true},"cart_items_remove_icon_size":{"unit":"px","size":"","sizes":[]},"cart_items_remove_icon_size_tablet":{"unit":"px","size":"","sizes":[]},"cart_items_remove_icon_size_mobile":{"unit":"px","size":"","sizes":[]},"form_coupon_input_typography_font_size":{"unit":"px","size":"","sizes":[]},"form_coupon_input_typography_font_size_tablet":{"unit":"px","size":"","sizes":[]},"form_coupon_input_typography_font_size_mobile":{"unit":"px","size":"","sizes":[]},"form_coupon_input_typography_font_weight":"","form_coupon_input_typography_text_transform":"","form_coupon_input_typography_font_style":"","form_coupon_input_typography_text_decoration":"","form_coupon_input_typography_line_height":{"unit":"em","size":"","sizes":[]},"form_coupon_input_typography_line_height_tablet":{"unit":"em","size":"","sizes":[]},"form_coupon_input_typography_line_height_mobile":{"unit":"em","size":"","sizes":[]},"form_coupon_input_typography_letter_spacing":{"unit":"px","size":"","sizes":[]},"form_coupon_input_typography_letter_spacing_tablet":{"unit":"px","size":"","sizes":[]},"form_coupon_input_typography_letter_spacing_mobile":{"unit":"px","size":"","sizes":[]},"form_coupon_input_typography_word_spacing":{"unit":"em","size":"","sizes":[]},"form_coupon_input_typography_word_spacing_tablet":{"unit":"em","size":"","sizes":[]},"form_coupon_input_typography_word_spacing_mobile":{"unit":"em","size":"","sizes":[]},"form_coupon_input_width_tablet":{"unit":"px","size":"","sizes":[]},"form_coupon_input_width_mobile":{"unit":"px","size":"","sizes":[]},"form_coupon_input_height_tablet":{"unit":"px","size":"","sizes":[]},"form_coupon_input_height_mobile":{"unit":"px","size":"","sizes":[]},"form_coupon_input_padding":{"unit":"px","top":"","right":"","bottom":"","left":"","isLinked":true},"form_coupon_input_border_width_tablet":{"unit":"px","top":"","right":"","bottom":"","left":"","isLinked":true},"form_coupon_input_border_width_mobile":{"unit":"px","top":"","right":"","bottom":"","left":"","isLinked":true},"form_coupon_input_border_radius":{"unit":"px","top":"","right":"","bottom":"","left":"","isLinked":true},"form_coupon_input_box_shadow_box_shadow_type":"","form_coupon_input_box_shadow_box_shadow":{"horizontal":0,"vertical":0,"blur":10,"spread":0,"color":"rgba(0,0,0,0.5)"},"form_coupon_input_box_shadow_box_shadow_position":" ","form_coupon_input_text_color":"","form_coupon_input_background_color":"","form_coupon_input_text_color_hover":"","form_coupon_input_background_color_hover":"","form_coupon_input_border_color_hover":"","form_coupon_input_text_color_focus":"","form_coupon_input_background_color_focus":"","form_coupon_input_border_color_focus":"","form_coupon_button_typography_font_size_tablet":{"unit":"px","size":"","sizes":[]},"form_coupon_button_typography_font_size_mobile":{"unit":"px","size":"","sizes":[]},"form_coupon_button_typography_font_style":"","form_coupon_button_typography_text_decoration":"","form_coupon_button_typography_line_height":{"unit":"em","size":"","sizes":[]},"form_coupon_button_typography_line_height_tablet":{"unit":"em","size":"","sizes":[]},"form_coupon_button_typography_line_height_mobile":{"unit":"em","size":"","sizes":[]},"form_coupon_button_typography_letter_spacing":{"unit":"px","size":"","sizes":[]},"form_coupon_button_typography_letter_spacing_tablet":{"unit":"px","size":"","sizes":[]},"form_coupon_button_typography_letter_spacing_mobile":{"unit":"px","size":"","sizes":[]},"form_coupon_button_typography_word_spacing":{"unit":"em","size":"","sizes":[]},"form_coupon_button_typography_word_spacing_tablet":{"unit":"em","size":"","sizes":[]},"form_coupon_button_typography_word_spacing_mobile":{"unit":"em","size":"","sizes":[]},"form_coupon_button_width":{"unit":"px","size":"","sizes":[]},"form_coupon_button_width_tablet":{"unit":"px","size":"","sizes":[]},"form_coupon_button_width_mobile":{"unit":"px","size":"","sizes":[]},"form_coupon_button_border_normal_border":"","form_coupon_button_border_normal_width":{"unit":"px","top":"","right":"","bottom":"","left":"","isLinked":true},"form_coupon_button_border_normal_width_tablet":{"unit":"px","top":"","right":"","bottom":"","left":"","isLinked":true},"form_coupon_button_border_normal_width_mobile":{"unit":"px","top":"","right":"","bottom":"","left":"","isLinked":true},"form_coupon_button_border_normal_color":"","form_coupon_button_border_radius":{"unit":"px","top":"","right":"","bottom":"","left":"","isLinked":true},"form_coupon_button_padding_tablet":{"unit":"px","top":"","right":"","bottom":"","left":"","isLinked":true},"form_coupon_button_padding_mobile":{"unit":"px","top":"","right":"","bottom":"","left":"","isLinked":true},"form_coupon_button_box_shadow_box_shadow_type":"","form_coupon_button_box_shadow_box_shadow":{"horizontal":0,"vertical":0,"blur":10,"spread":0,"color":"rgba(0,0,0,0.5)"},"form_coupon_button_box_shadow_box_shadow_position":" ","form_coupon_button_text_color_hover":"","form_coupon_button_border_color_hover":"","form_coupon_button_box_shadow_hover_box_shadow_type":"","form_coupon_button_box_shadow_hover_box_shadow":{"horizontal":0,"vertical":0,"blur":10,"spread":0,"color":"rgba(0,0,0,0.5)"},"form_coupon_button_box_shadow_hover_box_shadow_position":" ","update_cart_button_typography_font_size_tablet":{"unit":"px","size":"","sizes":[]},"update_cart_button_typography_font_size_mobile":{"unit":"px","size":"","sizes":[]},"update_cart_button_typography_font_weight":"","update_cart_button_typography_font_style":"","update_cart_button_typography_text_decoration":"","update_cart_button_typography_line_height":{"unit":"em","size":"","sizes":[]},"update_cart_button_typography_line_height_tablet":{"unit":"em","size":"","sizes":[]},"update_cart_button_typography_line_height_mobile":{"unit":"em","size":"","sizes":[]},"update_cart_button_typography_letter_spacing":{"unit":"px","size":"","sizes":[]},"update_cart_button_typography_letter_spacing_tablet":{"unit":"px","size":"","sizes":[]},"update_cart_button_typography_letter_spacing_mobile":{"unit":"px","size":"","sizes":[]},"update_cart_button_typography_word_spacing":{"unit":"em","size":"","sizes":[]},"update_cart_button_typography_word_spacing_tablet":{"unit":"em","size":"","sizes":[]},"update_cart_button_typography_word_spacing_mobile":{"unit":"em","size":"","sizes":[]},"update_cart_button_width":{"unit":"px","size":"","sizes":[]},"update_cart_button_width_tablet":{"unit":"px","size":"","sizes":[]},"update_cart_button_width_mobile":{"unit":"px","size":"","sizes":[]},"update_cart_button_margin":{"unit":"px","top":"","right":"","bottom":"","left":"","isLinked":true},"update_cart_button_margin_tablet":{"unit":"px","top":"","right":"","bottom":"","left":"","isLinked":true},"update_cart_button_margin_mobile":{"unit":"px","top":"","right":"","bottom":"","left":"","isLinked":true},"update_cart_button_border_normal_width_tablet":{"unit":"px","top":"","right":"","bottom":"","left":"","isLinked":true},"update_cart_button_border_normal_width_mobile":{"unit":"px","top":"","right":"","bottom":"","left":"","isLinked":true},"update_cart_button_border_radius":{"unit":"px","top":"","right":"","bottom":"","left":"","isLinked":true},"update_cart_button_padding_tablet":{"unit":"px","top":"","right":"","bottom":"","left":"","isLinked":true},"update_cart_button_padding_mobile":{"unit":"px","top":"","right":"","bottom":"","left":"","isLinked":true},"update_cart_button_text_color_normal":"","update_cart_button_box_shadow_box_shadow_type":"","update_cart_button_box_shadow_box_shadow":{"horizontal":0,"vertical":0,"blur":10,"spread":0,"color":"rgba(0,0,0,0.5)"},"update_cart_button_box_shadow_box_shadow_position":" ","update_cart_button_box_shadow_hover_box_shadow_type":"","update_cart_button_box_shadow_hover_box_shadow":{"horizontal":0,"vertical":0,"blur":10,"spread":0,"color":"rgba(0,0,0,0.5)"},"update_cart_button_box_shadow_hover_box_shadow_position":" ","sections_headings_typography_font_size_tablet":{"unit":"px","size":"","sizes":[]},"sections_headings_typography_font_size_mobile":{"unit":"px","size":"","sizes":[]},"sections_headings_typography_font_style":"","sections_headings_typography_text_decoration":"","sections_headings_typography_line_height":{"unit":"em","size":"","sizes":[]},"sections_headings_typography_line_height_tablet":{"unit":"em","size":"","sizes":[]},"sections_headings_typography_line_height_mobile":{"unit":"em","size":"","sizes":[]},"sections_headings_typography_letter_spacing":{"unit":"px","size":"","sizes":[]},"sections_headings_typography_letter_spacing_tablet":{"unit":"px","size":"","sizes":[]},"sections_headings_typography_letter_spacing_mobile":{"unit":"px","size":"","sizes":[]},"sections_headings_typography_word_spacing":{"unit":"em","size":"","sizes":[]},"sections_headings_typography_word_spacing_tablet":{"unit":"em","size":"","sizes":[]},"sections_headings_typography_word_spacing_mobile":{"unit":"em","size":"","sizes":[]},"sections_headings_spacing_tablet":{"unit":"px","size":"","sizes":[]},"sections_headings_spacing_mobile":{"unit":"px","size":"","sizes":[]},"cart_totals_background":"","cart_totals_border_type":"solid","cart_totals_border_color":"","cart_totals_border_size":{"unit":"px","size":"","sizes":[]},"cart_totals_border_size_tablet":{"unit":"px","size":"","sizes":[]},"cart_totals_border_size_mobile":{"unit":"px","size":"","sizes":[]},"cart_totals_border_radius":{"unit":"px","top":"","right":"","bottom":"","left":"","isLinked":true},"cart_totals_box_shadow_box_shadow_position":" ","cart_totals_text_typography_font_size":{"unit":"px","size":"","sizes":[]},"cart_totals_text_typography_font_size_tablet":{"unit":"px","size":"","sizes":[]},"cart_totals_text_typography_font_size_mobile":{"unit":"px","size":"","sizes":[]},"cart_totals_text_typography_font_weight":"","cart_totals_text_typography_text_transform":"","cart_totals_text_typography_font_style":"","cart_totals_text_typography_text_decoration":"","cart_totals_text_typography_line_height":{"unit":"em","size":"","sizes":[]},"cart_totals_text_typography_line_height_tablet":{"unit":"em","size":"","sizes":[]},"cart_totals_text_typography_line_height_mobile":{"unit":"em","size":"","sizes":[]},"cart_totals_text_typography_letter_spacing":{"unit":"px","size":"","sizes":[]},"cart_totals_text_typography_letter_spacing_tablet":{"unit":"px","size":"","sizes":[]},"cart_totals_text_typography_letter_spacing_mobile":{"unit":"px","size":"","sizes":[]},"cart_totals_text_typography_word_spacing":{"unit":"em","size":"","sizes":[]},"cart_totals_text_typography_word_spacing_tablet":{"unit":"em","size":"","sizes":[]},"cart_totals_text_typography_word_spacing_mobile":{"unit":"em","size":"","sizes":[]},"cart_totals_text_color":"","cart_totals_headings_typography_font_size":{"unit":"px","size":"","sizes":[]},"cart_totals_headings_typography_font_size_tablet":{"unit":"px","size":"","sizes":[]},"cart_totals_headings_typography_font_size_mobile":{"unit":"px","size":"","sizes":[]},"cart_totals_headings_typography_font_weight":"","cart_totals_headings_typography_text_transform":"","cart_totals_headings_typography_font_style":"","cart_totals_headings_typography_text_decoration":"","cart_totals_headings_typography_line_height":{"unit":"em","size":"","sizes":[]},"cart_totals_headings_typography_line_height_tablet":{"unit":"em","size":"","sizes":[]},"cart_totals_headings_typography_line_height_mobile":{"unit":"em","size":"","sizes":[]},"cart_totals_headings_typography_letter_spacing":{"unit":"px","size":"","sizes":[]},"cart_totals_headings_typography_letter_spacing_tablet":{"unit":"px","size":"","sizes":[]},"cart_totals_headings_typography_letter_spacing_mobile":{"unit":"px","size":"","sizes":[]},"cart_totals_headings_typography_word_spacing":{"unit":"em","size":"","sizes":[]},"cart_totals_headings_typography_word_spacing_tablet":{"unit":"em","size":"","sizes":[]},"cart_totals_headings_typography_word_spacing_mobile":{"unit":"em","size":"","sizes":[]},"cart_totals_headings_color":"","checkout_button_typography_typography":"","checkout_button_typography_font_family":"","checkout_button_typography_font_size":{"unit":"px","size":"","sizes":[]},"checkout_button_typography_font_size_tablet":{"unit":"px","size":"","sizes":[]},"checkout_button_typography_font_size_mobile":{"unit":"px","size":"","sizes":[]},"checkout_button_typography_font_weight":"","checkout_button_typography_text_transform":"","checkout_button_typography_font_style":"","checkout_button_typography_text_decoration":"","checkout_button_typography_line_height":{"unit":"em","size":"","sizes":[]},"checkout_button_typography_line_height_tablet":{"unit":"em","size":"","sizes":[]},"checkout_button_typography_line_height_mobile":{"unit":"em","size":"","sizes":[]},"checkout_button_typography_letter_spacing":{"unit":"px","size":"","sizes":[]},"checkout_button_typography_letter_spacing_tablet":{"unit":"px","size":"","sizes":[]},"checkout_button_typography_letter_spacing_mobile":{"unit":"px","size":"","sizes":[]},"checkout_button_typography_word_spacing":{"unit":"em","size":"","sizes":[]},"checkout_button_typography_word_spacing_tablet":{"unit":"em","size":"","sizes":[]},"checkout_button_typography_word_spacing_mobile":{"unit":"em","size":"","sizes":[]},"checkout_button_custom_width":{"unit":"px","size":"","sizes":[]},"checkout_button_custom_width_tablet":{"unit":"px","size":"","sizes":[]},"checkout_button_custom_width_mobile":{"unit":"px","size":"","sizes":[]},"checkout_button_margin":{"unit":"px","top":"","right":"","bottom":"","left":"","isLinked":true},"checkout_button_margin_tablet":{"unit":"px","top":"","right":"","bottom":"","left":"","isLinked":true},"checkout_button_margin_mobile":{"unit":"px","top":"","right":"","bottom":"","left":"","isLinked":true},"checkout_button_border_normal_border":"","checkout_button_border_normal_width":{"unit":"px","top":"","right":"","bottom":"","left":"","isLinked":true},"checkout_button_border_normal_width_tablet":{"unit":"px","top":"","right":"","bottom":"","left":"","isLinked":true},"checkout_button_border_normal_width_mobile":{"unit":"px","top":"","right":"","bottom":"","left":"","isLinked":true},"checkout_button_border_normal_color":"","checkout_button_padding_tablet":{"unit":"px","top":"","right":"","bottom":"","left":"","isLinked":true},"checkout_button_padding_mobile":{"unit":"px","top":"","right":"","bottom":"","left":"","isLinked":true},"checkout_button_text_color_normal":"","checkout_button_box_shadow_box_shadow_type":"","checkout_button_box_shadow_box_shadow":{"horizontal":0,"vertical":0,"blur":10,"spread":0,"color":"rgba(0,0,0,0.5)"},"checkout_button_box_shadow_box_shadow_position":" ","checkout_button_text_color_hover":"","checkout_button_border_color_hover":"","checkout_button_box_shadow_hover_box_shadow_type":"","checkout_button_box_shadow_hover_box_shadow":{"horizontal":0,"vertical":0,"blur":10,"spread":0,"color":"rgba(0,0,0,0.5)"},"checkout_button_box_shadow_hover_box_shadow_position":" ","cross_sells_title_color_normal":"","cross_sells_title_color_hover":"","cross_sells_title_typography_typography":"","cross_sells_title_typography_font_family":"","cross_sells_title_typography_font_size":{"unit":"px","size":"","sizes":[]},"cross_sells_title_typography_font_size_tablet":{"unit":"px","size":"","sizes":[]},"cross_sells_title_typography_font_size_mobile":{"unit":"px","size":"","sizes":[]},"cross_sells_title_typography_font_weight":"","cross_sells_title_typography_text_transform":"","cross_sells_title_typography_font_style":"","cross_sells_title_typography_text_decoration":"","cross_sells_title_typography_line_height":{"unit":"em","size":"","sizes":[]},"cross_sells_title_typography_line_height_tablet":{"unit":"em","size":"","sizes":[]},"cross_sells_title_typography_line_height_mobile":{"unit":"em","size":"","sizes":[]},"cross_sells_title_typography_letter_spacing":{"unit":"px","size":"","sizes":[]},"cross_sells_title_typography_letter_spacing_tablet":{"unit":"px","size":"","sizes":[]},"cross_sells_title_typography_letter_spacing_mobile":{"unit":"px","size":"","sizes":[]},"cross_sells_title_typography_word_spacing":{"unit":"em","size":"","sizes":[]},"cross_sells_title_typography_word_spacing_tablet":{"unit":"em","size":"","sizes":[]},"cross_sells_title_typography_word_spacing_mobile":{"unit":"em","size":"","sizes":[]},"cross_sells_price_color":"","cross_sells_price_typography_typography":"","cross_sells_price_typography_font_family":"","cross_sells_price_typography_font_size":{"unit":"px","size":"","sizes":[]},"cross_sells_price_typography_font_size_tablet":{"unit":"px","size":"","sizes":[]},"cross_sells_price_typography_font_size_mobile":{"unit":"px","size":"","sizes":[]},"cross_sells_price_typography_font_weight":"","cross_sells_price_typography_text_transform":"","cross_sells_price_typography_font_style":"","cross_sells_price_typography_text_decoration":"","cross_sells_price_typography_line_height":{"unit":"em","size":"","sizes":[]},"cross_sells_price_typography_line_height_tablet":{"unit":"em","size":"","sizes":[]},"cross_sells_price_typography_line_height_mobile":{"unit":"em","size":"","sizes":[]},"cross_sells_price_typography_letter_spacing":{"unit":"px","size":"","sizes":[]},"cross_sells_price_typography_letter_spacing_tablet":{"unit":"px","size":"","sizes":[]},"cross_sells_price_typography_letter_spacing_mobile":{"unit":"px","size":"","sizes":[]},"cross_sells_price_typography_word_spacing":{"unit":"em","size":"","sizes":[]},"cross_sells_price_typography_word_spacing_tablet":{"unit":"em","size":"","sizes":[]},"cross_sells_price_typography_word_spacing_mobile":{"unit":"em","size":"","sizes":[]},"cross_sells_button_typography_typography":"","cross_sells_button_typography_font_family":"","cross_sells_button_typography_font_size":{"unit":"px","size":"","sizes":[]},"cross_sells_button_typography_font_size_tablet":{"unit":"px","size":"","sizes":[]},"cross_sells_button_typography_font_size_mobile":{"unit":"px","size":"","sizes":[]},"cross_sells_button_typography_font_weight":"","cross_sells_button_typography_text_transform":"","cross_sells_button_typography_font_style":"","cross_sells_button_typography_text_decoration":"","cross_sells_button_typography_line_height":{"unit":"em","size":"","sizes":[]},"cross_sells_button_typography_line_height_tablet":{"unit":"em","size":"","sizes":[]},"cross_sells_button_typography_line_height_mobile":{"unit":"em","size":"","sizes":[]},"cross_sells_button_typography_letter_spacing":{"unit":"px","size":"","sizes":[]},"cross_sells_button_typography_letter_spacing_tablet":{"unit":"px","size":"","sizes":[]},"cross_sells_button_typography_letter_spacing_mobile":{"unit":"px","size":"","sizes":[]},"cross_sells_button_typography_word_spacing":{"unit":"em","size":"","sizes":[]},"cross_sells_button_typography_word_spacing_tablet":{"unit":"em","size":"","sizes":[]},"cross_sells_button_typography_word_spacing_mobile":{"unit":"em","size":"","sizes":[]},"cross_sells_button_color":"","cross_sells_button_bg_color":"","cross_sells_button_color_hover":"","cross_sells_button_bg_color_hover":"","cross_sells_sale_badge_color":"","cross_sells_sale_badge_bg_color":"","cross_sells_sale_badge_typography_typography":"","cross_sells_sale_badge_typography_font_family":"","cross_sells_sale_badge_typography_font_size":{"unit":"px","size":"","sizes":[]},"cross_sells_sale_badge_typography_font_size_tablet":{"unit":"px","size":"","sizes":[]},"cross_sells_sale_badge_typography_font_size_mobile":{"unit":"px","size":"","sizes":[]},"cross_sells_sale_badge_typography_font_weight":"","cross_sells_sale_badge_typography_text_transform":"","cross_sells_sale_badge_typography_font_style":"","cross_sells_sale_badge_typography_text_decoration":"","cross_sells_sale_badge_typography_line_height":{"unit":"em","size":"","sizes":[]},"cross_sells_sale_badge_typography_line_height_tablet":{"unit":"em","size":"","sizes":[]},"cross_sells_sale_badge_typography_line_height_mobile":{"unit":"em","size":"","sizes":[]},"cross_sells_sale_badge_typography_letter_spacing":{"unit":"px","size":"","sizes":[]},"cross_sells_sale_badge_typography_letter_spacing_tablet":{"unit":"px","size":"","sizes":[]},"cross_sells_sale_badge_typography_letter_spacing_mobile":{"unit":"px","size":"","sizes":[]},"cross_sells_sale_badge_typography_word_spacing":{"unit":"em","size":"","sizes":[]},"cross_sells_sale_badge_typography_word_spacing_tablet":{"unit":"em","size":"","sizes":[]},"cross_sells_sale_badge_typography_word_spacing_mobile":{"unit":"em","size":"","sizes":[]},"_title":"","_margin":{"unit":"px","top":"","right":"","bottom":"","left":"","isLinked":true},"_margin_tablet":{"unit":"px","top":"","right":"","bottom":"","left":"","isLinked":true},"_margin_mobile":{"unit":"px","top":"","right":"","bottom":"","left":"","isLinked":true},"_padding":{"unit":"px","top":"","right":"","bottom":"","left":"","isLinked":true},"_padding_tablet":{"unit":"px","top":"","right":"","bottom":"","left":"","isLinked":true},"_padding_mobile":{"unit":"px","top":"","right":"","bottom":"","left":"","isLinked":true},"_element_width":"","_element_width_tablet":"","_element_width_mobile":"","_element_custom_width":{"unit":"%","size":"","sizes":[]},"_element_custom_width_tablet":{"unit":"px","size":"","sizes":[]},"_element_custom_width_mobile":{"unit":"px","size":"","sizes":[]},"_element_vertical_align":"","_element_vertical_align_tablet":"","_element_vertical_align_mobile":"","_position":"","_offset_orientation_h":"start","_offset_x":{"unit":"px","size":"0","sizes":[]},"_offset_x_tablet":{"unit":"px","size":"","sizes":[]},"_offset_x_mobile":{"unit":"px","size":"","sizes":[]},"_offset_x_end":{"unit":"px","size":"0","sizes":[]},"_offset_x_end_tablet":{"unit":"px","size":"","sizes":[]},"_offset_x_end_mobile":{"unit":"px","size":"","sizes":[]},"_offset_orientation_v":"start","_offset_y":{"unit":"px","size":"0","sizes":[]},"_offset_y_tablet":{"unit":"px","size":"","sizes":[]},"_offset_y_mobile":{"unit":"px","size":"","sizes":[]},"_offset_y_end":{"unit":"px","size":"0","sizes":[]},"_offset_y_end_tablet":{"unit":"px","size":"","sizes":[]},"_offset_y_end_mobile":{"unit":"px","size":"","sizes":[]},"_z_index":"","_z_index_tablet":"","_z_index_mobile":"","_element_id":"","_css_classes":"","ha_floating_fx":"","ha_floating_fx_translate_toggle":"","ha_floating_fx_translate_x":{"unit":"px","size":"","sizes":{"from":0,"to":5}},"ha_floating_fx_translate_y":{"unit":"px","size":"","sizes":{"from":0,"to":5}},"ha_floating_fx_translate_duration":{"unit":"px","size":1000,"sizes":[]},"ha_floating_fx_translate_delay":{"unit":"px","size":"","sizes":[]},"ha_floating_fx_rotate_toggle":"","ha_floating_fx_rotate_x":{"unit":"px","size":"","sizes":{"from":0,"to":45}},"ha_floating_fx_rotate_y":{"unit":"px","size":"","sizes":{"from":0,"to":45}},"ha_floating_fx_rotate_z":{"unit":"px","size":"","sizes":{"from":0,"to":45}},"ha_floating_fx_rotate_duration":{"unit":"px","size":1000,"sizes":[]},"ha_floating_fx_rotate_delay":{"unit":"px","size":"","sizes":[]},"ha_floating_fx_scale_toggle":"","ha_floating_fx_scale_x":{"unit":"px","size":"","sizes":{"from":1,"to":1.2}},"ha_floating_fx_scale_y":{"unit":"px","size":"","sizes":{"from":1,"to":1.2}},"ha_floating_fx_scale_duration":{"unit":"px","size":1000,"sizes":[]},"ha_floating_fx_scale_delay":{"unit":"px","size":"","sizes":[]},"ha_element_link":{"url":"","is_external":"","nofollow":"","custom_attributes":""},"ha_transform_fx":"","ha_transform_fx_translate_toggle":"","ha_transform_fx_translate_x":{"unit":"px","size":"","sizes":[]},"ha_transform_fx_translate_x_tablet":{"unit":"px","size":"","sizes":[]},"ha_transform_fx_translate_x_mobile":{"unit":"px","size":"","sizes":[]},"ha_transform_fx_translate_y":{"unit":"px","size":"","sizes":[]},"ha_transform_fx_translate_y_tablet":{"unit":"px","size":"","sizes":[]},"ha_transform_fx_translate_y_mobile":{"unit":"px","size":"","sizes":[]},"ha_transform_fx_rotate_toggle":"","ha_transform_fx_rotate_mode":"loose","ha_transform_fx_rotate_x":{"unit":"px","size":"","sizes":[]},"ha_transform_fx_rotate_x_tablet":{"unit":"px","size":"","sizes":[]},"ha_transform_fx_rotate_x_mobile":{"unit":"px","size":"","sizes":[]},"ha_transform_fx_rotate_y":{"unit":"px","size":"","sizes":[]},"ha_transform_fx_rotate_y_tablet":{"unit":"px","size":"","sizes":[]},"ha_transform_fx_rotate_y_mobile":{"unit":"px","size":"","sizes":[]},"ha_transform_fx_rotate_z":{"unit":"px","size":"","sizes":[]},"ha_transform_fx_rotate_z_tablet":{"unit":"px","size":"","sizes":[]},"ha_transform_fx_rotate_z_mobile":{"unit":"px","size":"","sizes":[]},"ha_transform_fx_scale_toggle":"","ha_transform_fx_scale_mode":"loose","ha_transform_fx_scale_x":{"unit":"px","size":1,"sizes":[]},"ha_transform_fx_scale_x_tablet":{"unit":"px","size":"","sizes":[]},"ha_transform_fx_scale_x_mobile":{"unit":"px","size":"","sizes":[]},"ha_transform_fx_scale_y":{"unit":"px","size":1,"sizes":[]},"ha_transform_fx_scale_y_tablet":{"unit":"px","size":"","sizes":[]},"ha_transform_fx_scale_y_mobile":{"unit":"px","size":"","sizes":[]},"ha_transform_fx_skew_toggle":"","ha_transform_fx_skew_x":{"unit":"px","size":"","sizes":[]},"ha_transform_fx_skew_x_tablet":{"unit":"px","size":"","sizes":[]},"ha_transform_fx_skew_x_mobile":{"unit":"px","size":"","sizes":[]},"ha_transform_fx_skew_y":{"unit":"px","size":"","sizes":[]},"ha_transform_fx_skew_y_tablet":{"unit":"px","size":"","sizes":[]},"ha_transform_fx_skew_y_mobile":{"unit":"px","size":"","sizes":[]},"ha_transform_fx_translate_toggle_hover":"","ha_transform_fx_translate_x_hover":{"unit":"px","size":"","sizes":[]},"ha_transform_fx_translate_x_hover_tablet":{"unit":"px","size":"","sizes":[]},"ha_transform_fx_translate_x_hover_mobile":{"unit":"px","size":"","sizes":[]},"ha_transform_fx_translate_y_hover":{"unit":"px","size":"","sizes":[]},"ha_transform_fx_translate_y_hover_tablet":{"unit":"px","size":"","sizes":[]},"ha_transform_fx_translate_y_hover_mobile":{"unit":"px","size":"","sizes":[]},"ha_transform_fx_rotate_toggle_hover":"","ha_transform_fx_rotate_mode_hover":"loose","ha_transform_fx_rotate_x_hover":{"unit":"px","size":"","sizes":[]},"ha_transform_fx_rotate_x_hover_tablet":{"unit":"px","size":"","sizes":[]},"ha_transform_fx_rotate_x_hover_mobile":{"unit":"px","size":"","sizes":[]},"ha_transform_fx_rotate_y_hover":{"unit":"px","size":"","sizes":[]},"ha_transform_fx_rotate_y_hover_tablet":{"unit":"px","size":"","sizes":[]},"ha_transform_fx_rotate_y_hover_mobile":{"unit":"px","size":"","sizes":[]},"ha_transform_fx_rotate_z_hover":{"unit":"px","size":"","sizes":[]},"ha_transform_fx_rotate_z_hover_tablet":{"unit":"px","size":"","sizes":[]},"ha_transform_fx_rotate_z_hover_mobile":{"unit":"px","size":"","sizes":[]},"ha_transform_fx_scale_toggle_hover":"","ha_transform_fx_scale_mode_hover":"loose","ha_transform_fx_scale_x_hover":{"unit":"px","size":1,"sizes":[]},"ha_transform_fx_scale_x_hover_tablet":{"unit":"px","size":"","sizes":[]},"ha_transform_fx_scale_x_hover_mobile":{"unit":"px","size":"","sizes":[]},"ha_transform_fx_scale_y_hover":{"unit":"px","size":1,"sizes":[]},"ha_transform_fx_scale_y_hover_tablet":{"unit":"px","size":"","sizes":[]},"ha_transform_fx_scale_y_hover_mobile":{"unit":"px","size":"","sizes":[]},"ha_transform_fx_skew_toggle_hover":"","ha_transform_fx_skew_x_hover":{"unit":"px","size":"","sizes":[]},"ha_transform_fx_skew_x_hover_tablet":{"unit":"px","size":"","sizes":[]},"ha_transform_fx_skew_x_hover_mobile":{"unit":"px","size":"","sizes":[]},"ha_transform_fx_skew_y_hover":{"unit":"px","size":"","sizes":[]},"ha_transform_fx_skew_y_hover_tablet":{"unit":"px","size":"","sizes":[]},"ha_transform_fx_skew_y_hover_mobile":{"unit":"px","size":"","sizes":[]},"ha_transform_fx_transition_duration":{"unit":"px","size":"","sizes":[]},"motion_fx_motion_fx_scrolling":"","motion_fx_translateY_effect":"","motion_fx_translateY_direction":"","motion_fx_translateY_speed":{"unit":"px","size":4,"sizes":[]},"motion_fx_translateY_affectedRange":{"unit":"%","size":"","sizes":{"start":0,"end":100}},"motion_fx_translateX_effect":"","motion_fx_translateX_direction":"","motion_fx_translateX_speed":{"unit":"px","size":4,"sizes":[]},"motion_fx_translateX_affectedRange":{"unit":"%","size":"","sizes":{"start":0,"end":100}},"motion_fx_opacity_effect":"","motion_fx_opacity_direction":"out-in","motion_fx_opacity_level":{"unit":"px","size":10,"sizes":[]},"motion_fx_opacity_range":{"unit":"%","size":"","sizes":{"start":20,"end":80}},"motion_fx_blur_effect":"","motion_fx_blur_direction":"out-in","motion_fx_blur_level":{"unit":"px","size":7,"sizes":[]},"motion_fx_blur_range":{"unit":"%","size":"","sizes":{"start":20,"end":80}},"motion_fx_rotateZ_effect":"","motion_fx_rotateZ_direction":"","motion_fx_rotateZ_speed":{"unit":"px","size":1,"sizes":[]},"motion_fx_rotateZ_affectedRange":{"unit":"%","size":"","sizes":{"start":0,"end":100}},"motion_fx_scale_effect":"","motion_fx_scale_direction":"out-in","motion_fx_scale_speed":{"unit":"px","size":4,"sizes":[]},"motion_fx_scale_range":{"unit":"%","size":"","sizes":{"start":20,"end":80}},"motion_fx_transform_origin_x":"center","motion_fx_transform_origin_y":"center","motion_fx_devices":["desktop","tablet","mobile"],"motion_fx_range":"","motion_fx_motion_fx_mouse":"","motion_fx_mouseTrack_effect":"","motion_fx_mouseTrack_direction":"","motion_fx_mouseTrack_speed":{"unit":"px","size":1,"sizes":[]},"motion_fx_tilt_effect":"","motion_fx_tilt_direction":"","motion_fx_tilt_speed":{"unit":"px","size":4,"sizes":[]},"sticky":"","sticky_on":["desktop","tablet","mobile"],"sticky_offset":0,"sticky_offset_tablet":"","sticky_offset_mobile":"","sticky_effects_offset":0,"sticky_effects_offset_tablet":"","sticky_effects_offset_mobile":"","sticky_parent":"","_animation":"","_animation_tablet":"","_animation_mobile":"","animation_duration":"","_animation_delay":"","_transform_rotate_popover":"","_transform_rotateZ_effect":{"unit":"px","size":"","sizes":[]},"_transform_rotateZ_effect_tablet":{"unit":"px","size":"","sizes":[]},"_transform_rotateZ_effect_mobile":{"unit":"px","size":"","sizes":[]},"_transform_rotate_3d":"","_transform_rotateX_effect":{"unit":"px","size":"","sizes":[]},"_transform_rotateX_effect_tablet":{"unit":"px","size":"","sizes":[]},"_transform_rotateX_effect_mobile":{"unit":"px","size":"","sizes":[]},"_transform_rotateY_effect":{"unit":"px","size":"","sizes":[]},"_transform_rotateY_effect_tablet":{"unit":"px","size":"","sizes":[]},"_transform_rotateY_effect_mobile":{"unit":"px","size":"","sizes":[]},"_transform_perspective_effect":{"unit":"px","size":"","sizes":[]},"_transform_perspective_effect_tablet":{"unit":"px","size":"","sizes":[]},"_transform_perspective_effect_mobile":{"unit":"px","size":"","sizes":[]},"_transform_translate_popover":"","_transform_translateX_effect":{"unit":"px","size":"","sizes":[]},"_transform_translateX_effect_tablet":{"unit":"px","size":"","sizes":[]},"_transform_translateX_effect_mobile":{"unit":"px","size":"","sizes":[]},"_transform_translateY_effect":{"unit":"px","size":"","sizes":[]},"_transform_translateY_effect_tablet":{"unit":"px","size":"","sizes":[]},"_transform_translateY_effect_mobile":{"unit":"px","size":"","sizes":[]},"_transform_scale_popover":"","_transform_keep_proportions":"yes","_transform_scale_effect":{"unit":"px","size":"","sizes":[]},"_transform_scale_effect_tablet":{"unit":"px","size":"","sizes":[]},"_transform_scale_effect_mobile":{"unit":"px","size":"","sizes":[]},"_transform_scaleX_effect":{"unit":"px","size":"","sizes":[]},"_transform_scaleX_effect_tablet":{"unit":"px","size":"","sizes":[]},"_transform_scaleX_effect_mobile":{"unit":"px","size":"","sizes":[]},"_transform_scaleY_effect":{"unit":"px","size":"","sizes":[]},"_transform_scaleY_effect_tablet":{"unit":"px","size":"","sizes":[]},"_transform_scaleY_effect_mobile":{"unit":"px","size":"","sizes":[]},"_transform_skew_popover":"","_transform_skewX_effect":{"unit":"px","size":"","sizes":[]},"_transform_skewX_effect_tablet":{"unit":"px","size":"","sizes":[]},"_transform_skewX_effect_mobile":{"unit":"px","size":"","sizes":[]},"_transform_skewY_effect":{"unit":"px","size":"","sizes":[]},"_transform_skewY_effect_tablet":{"unit":"px","size":"","sizes":[]},"_transform_skewY_effect_mobile":{"unit":"px","size":"","sizes":[]},"_transform_flipX_effect":"","_transform_flipY_effect":"","_transform_rotate_popover_hover":"","_transform_rotateZ_effect_hover":{"unit":"px","size":"","sizes":[]},"_transform_rotateZ_effect_hover_tablet":{"unit":"px","size":"","sizes":[]},"_transform_rotateZ_effect_hover_mobile":{"unit":"px","size":"","sizes":[]},"_transform_rotate_3d_hover":"","_transform_rotateX_effect_hover":{"unit":"px","size":"","sizes":[]},"_transform_rotateX_effect_hover_tablet":{"unit":"px","size":"","sizes":[]},"_transform_rotateX_effect_hover_mobile":{"unit":"px","size":"","sizes":[]},"_transform_rotateY_effect_hover":{"unit":"px","size":"","sizes":[]},"_transform_rotateY_effect_hover_tablet":{"unit":"px","size":"","sizes":[]},"_transform_rotateY_effect_hover_mobile":{"unit":"px","size":"","sizes":[]},"_transform_perspective_effect_hover":{"unit":"px","size":"","sizes":[]},"_transform_perspective_effect_hover_tablet":{"unit":"px","size":"","sizes":[]},"_transform_perspective_effect_hover_mobile":{"unit":"px","size":"","sizes":[]},"_transform_translate_popover_hover":"","_transform_translateX_effect_hover":{"unit":"px","size":"","sizes":[]},"_transform_translateX_effect_hover_tablet":{"unit":"px","size":"","sizes":[]},"_transform_translateX_effect_hover_mobile":{"unit":"px","size":"","sizes":[]},"_transform_translateY_effect_hover":{"unit":"px","size":"","sizes":[]},"_transform_translateY_effect_hover_tablet":{"unit":"px","size":"","sizes":[]},"_transform_translateY_effect_hover_mobile":{"unit":"px","size":"","sizes":[]},"_transform_scale_popover_hover":"","_transform_keep_proportions_hover":"yes","_transform_scale_effect_hover":{"unit":"px","size":"","sizes":[]},"_transform_scale_effect_hover_tablet":{"unit":"px","size":"","sizes":[]},"_transform_scale_effect_hover_mobile":{"unit":"px","size":"","sizes":[]},"_transform_scaleX_effect_hover":{"unit":"px","size":"","sizes":[]},"_transform_scaleX_effect_hover_tablet":{"unit":"px","size":"","sizes":[]},"_transform_scaleX_effect_hover_mobile":{"unit":"px","size":"","sizes":[]},"_transform_scaleY_effect_hover":{"unit":"px","size":"","sizes":[]},"_transform_scaleY_effect_hover_tablet":{"unit":"px","size":"","sizes":[]},"_transform_scaleY_effect_hover_mobile":{"unit":"px","size":"","sizes":[]},"_transform_skew_popover_hover":"","_transform_skewX_effect_hover":{"unit":"px","size":"","sizes":[]},"_transform_skewX_effect_hover_tablet":{"unit":"px","size":"","sizes":[]},"_transform_skewX_effect_hover_mobile":{"unit":"px","size":"","sizes":[]},"_transform_skewY_effect_hover":{"unit":"px","size":"","sizes":[]},"_transform_skewY_effect_hover_tablet":{"unit":"px","size":"","sizes":[]},"_transform_skewY_effect_hover_mobile":{"unit":"px","size":"","sizes":[]},"_transform_flipX_effect_hover":"","_transform_flipY_effect_hover":"","_transform_transition_hover":{"unit":"px","size":"","sizes":[]},"motion_fx_transform_x_anchor_point":"","motion_fx_transform_x_anchor_point_tablet":"","motion_fx_transform_x_anchor_point_mobile":"","motion_fx_transform_y_anchor_point":"","motion_fx_transform_y_anchor_point_tablet":"","motion_fx_transform_y_anchor_point_mobile":"","_background_background":"","_background_color":"","_background_color_stop":{"unit":"%","size":0,"sizes":[]},"_background_color_b":"#f2295b","_background_color_b_stop":{"unit":"%","size":100,"sizes":[]},"_background_gradient_type":"linear","_background_gradient_angle":{"unit":"deg","size":180,"sizes":[]},"_background_gradient_position":"center center","_background_image":{"url":"","id":""},"_background_image_tablet":{"url":"","id":""},"_background_image_mobile":{"url":"","id":""},"_background_position":"","_background_position_tablet":"","_background_position_mobile":"","_background_xpos":{"unit":"px","size":0,"sizes":[]},"_background_xpos_tablet":{"unit":"px","size":0,"sizes":[]},"_background_xpos_mobile":{"unit":"px","size":0,"sizes":[]},"_background_ypos":{"unit":"px","size":0,"sizes":[]},"_background_ypos_tablet":{"unit":"px","size":0,"sizes":[]},"_background_ypos_mobile":{"unit":"px","size":0,"sizes":[]},"_background_attachment":"","_background_repeat":"","_background_repeat_tablet":"","_background_repeat_mobile":"","_background_size":"","_background_size_tablet":"","_background_size_mobile":"","_background_bg_width":{"unit":"%","size":100,"sizes":[]},"_background_bg_width_tablet":{"unit":"px","size":"","sizes":[]},"_background_bg_width_mobile":{"unit":"px","size":"","sizes":[]},"_background_video_link":"","_background_video_start":"","_background_video_end":"","_background_play_once":"","_background_play_on_mobile":"","_background_privacy_mode":"","_background_video_fallback":{"url":"","id":""},"_background_slideshow_gallery":[],"_background_slideshow_loop":"yes","_background_slideshow_slide_duration":5000,"_background_slideshow_slide_transition":"fade","_background_slideshow_transition_duration":500,"_background_slideshow_background_size":"","_background_slideshow_background_size_tablet":"","_background_slideshow_background_size_mobile":"","_background_slideshow_background_position":"","_background_slideshow_background_position_tablet":"","_background_slideshow_background_position_mobile":"","_background_slideshow_lazyload":"","_background_slideshow_ken_burns":"","_background_slideshow_ken_burns_zoom_direction":"in","_background_hover_background":"","_background_hover_color":"","_background_hover_color_stop":{"unit":"%","size":0,"sizes":[]},"_background_hover_color_b":"#f2295b","_background_hover_color_b_stop":{"unit":"%","size":100,"sizes":[]},"_background_hover_gradient_type":"linear","_background_hover_gradient_angle":{"unit":"deg","size":180,"sizes":[]},"_background_hover_gradient_position":"center center","_background_hover_image":{"url":"","id":""},"_background_hover_image_tablet":{"url":"","id":""},"_background_hover_image_mobile":{"url":"","id":""},"_background_hover_position":"","_background_hover_position_tablet":"","_background_hover_position_mobile":"","_background_hover_xpos":{"unit":"px","size":0,"sizes":[]},"_background_hover_xpos_tablet":{"unit":"px","size":0,"sizes":[]},"_background_hover_xpos_mobile":{"unit":"px","size":0,"sizes":[]},"_background_hover_ypos":{"unit":"px","size":0,"sizes":[]},"_background_hover_ypos_tablet":{"unit":"px","size":0,"sizes":[]},"_background_hover_ypos_mobile":{"unit":"px","size":0,"sizes":[]},"_background_hover_attachment":"","_background_hover_repeat":"","_background_hover_repeat_tablet":"","_background_hover_repeat_mobile":"","_background_hover_size":"","_background_hover_size_tablet":"","_background_hover_size_mobile":"","_background_hover_bg_width":{"unit":"%","size":100,"sizes":[]},"_background_hover_bg_width_tablet":{"unit":"px","size":"","sizes":[]},"_background_hover_bg_width_mobile":{"unit":"px","size":"","sizes":[]},"_background_hover_video_link":"","_background_hover_video_start":"","_background_hover_video_end":"","_background_hover_play_once":"","_background_hover_play_on_mobile":"","_background_hover_privacy_mode":"","_background_hover_video_fallback":{"url":"","id":""},"_background_hover_slideshow_gallery":[],"_background_hover_slideshow_loop":"yes","_background_hover_slideshow_slide_duration":5000,"_background_hover_slideshow_slide_transition":"fade","_background_hover_slideshow_transition_duration":500,"_background_hover_slideshow_background_size":"","_background_hover_slideshow_background_size_tablet":"","_background_hover_slideshow_background_size_mobile":"","_background_hover_slideshow_background_position":"","_background_hover_slideshow_background_position_tablet":"","_background_hover_slideshow_background_position_mobile":"","_background_hover_slideshow_lazyload":"","_background_hover_slideshow_ken_burns":"","_background_hover_slideshow_ken_burns_zoom_direction":"in","_background_hover_transition":{"unit":"px","size":"","sizes":[]},"_ha_background_overlay_background":"","_ha_background_overlay_color":"","_ha_background_overlay_color_stop":{"unit":"%","size":0,"sizes":[]},"_ha_background_overlay_color_b":"#f2295b","_ha_background_overlay_color_b_stop":{"unit":"%","size":100,"sizes":[]},"_ha_background_overlay_gradient_type":"linear","_ha_background_overlay_gradient_angle":{"unit":"deg","size":180,"sizes":[]},"_ha_background_overlay_gradient_position":"center center","_ha_background_overlay_image":{"url":"","id":""},"_ha_background_overlay_image_tablet":{"url":"","id":""},"_ha_background_overlay_image_mobile":{"url":"","id":""},"_ha_background_overlay_position":"","_ha_background_overlay_position_tablet":"","_ha_background_overlay_position_mobile":"","_ha_background_overlay_xpos":{"unit":"px","size":0,"sizes":[]},"_ha_background_overlay_xpos_tablet":{"unit":"px","size":0,"sizes":[]},"_ha_background_overlay_xpos_mobile":{"unit":"px","size":0,"sizes":[]},"_ha_background_overlay_ypos":{"unit":"px","size":0,"sizes":[]},"_ha_background_overlay_ypos_tablet":{"unit":"px","size":0,"sizes":[]},"_ha_background_overlay_ypos_mobile":{"unit":"px","size":0,"sizes":[]},"_ha_background_overlay_attachment":"","_ha_background_overlay_repeat":"","_ha_background_overlay_repeat_tablet":"","_ha_background_overlay_repeat_mobile":"","_ha_background_overlay_size":"","_ha_background_overlay_size_tablet":"","_ha_background_overlay_size_mobile":"","_ha_background_overlay_bg_width":{"unit":"%","size":100,"sizes":[]},"_ha_background_overlay_bg_width_tablet":{"unit":"px","size":"","sizes":[]},"_ha_background_overlay_bg_width_mobile":{"unit":"px","size":"","sizes":[]},"_ha_background_overlay_video_link":"","_ha_background_overlay_video_start":"","_ha_background_overlay_video_end":"","_ha_background_overlay_play_once":"","_ha_background_overlay_play_on_mobile":"","_ha_background_overlay_privacy_mode":"","_ha_background_overlay_video_fallback":{"url":"","id":""},"_ha_background_overlay_slideshow_gallery":[],"_ha_background_overlay_slideshow_loop":"yes","_ha_background_overlay_slideshow_slide_duration":5000,"_ha_background_overlay_slideshow_slide_transition":"fade","_ha_background_overlay_slideshow_transition_duration":500,"_ha_background_overlay_slideshow_background_size":"","_ha_background_overlay_slideshow_background_size_tablet":"","_ha_background_overlay_slideshow_background_size_mobile":"","_ha_background_overlay_slideshow_background_position":"","_ha_background_overlay_slideshow_background_position_tablet":"","_ha_background_overlay_slideshow_background_position_mobile":"","_ha_background_overlay_slideshow_lazyload":"","_ha_background_overlay_slideshow_ken_burns":"","_ha_background_overlay_slideshow_ken_burns_zoom_direction":"in","_ha_background_overlay_opacity":{"unit":"px","size":0.5,"sizes":[]},"_ha_css_filters_css_filter":"","_ha_css_filters_blur":{"unit":"px","size":0,"sizes":[]},"_ha_css_filters_brightness":{"unit":"px","size":100,"sizes":[]},"_ha_css_filters_contrast":{"unit":"px","size":100,"sizes":[]},"_ha_css_filters_saturate":{"unit":"px","size":100,"sizes":[]},"_ha_css_filters_hue":{"unit":"px","size":0,"sizes":[]},"_ha_overlay_blend_mode":"","_ha_background_overlay_hover_background":"","_ha_background_overlay_hover_color":"","_ha_background_overlay_hover_color_stop":{"unit":"%","size":0,"sizes":[]},"_ha_background_overlay_hover_color_b":"#f2295b","_ha_background_overlay_hover_color_b_stop":{"unit":"%","size":100,"sizes":[]},"_ha_background_overlay_hover_gradient_type":"linear","_ha_background_overlay_hover_gradient_angle":{"unit":"deg","size":180,"sizes":[]},"_ha_background_overlay_hover_gradient_position":"center center","_ha_background_overlay_hover_image":{"url":"","id":""},"_ha_background_overlay_hover_image_tablet":{"url":"","id":""},"_ha_background_overlay_hover_image_mobile":{"url":"","id":""},"_ha_background_overlay_hover_position":"","_ha_background_overlay_hover_position_tablet":"","_ha_background_overlay_hover_position_mobile":"","_ha_background_overlay_hover_xpos":{"unit":"px","size":0,"sizes":[]},"_ha_background_overlay_hover_xpos_tablet":{"unit":"px","size":0,"sizes":[]},"_ha_background_overlay_hover_xpos_mobile":{"unit":"px","size":0,"sizes":[]},"_ha_background_overlay_hover_ypos":{"unit":"px","size":0,"sizes":[]},"_ha_background_overlay_hover_ypos_tablet":{"unit":"px","size":0,"sizes":[]},"_ha_background_overlay_hover_ypos_mobile":{"unit":"px","size":0,"sizes":[]},"_ha_background_overlay_hover_attachment":"","_ha_background_overlay_hover_repeat":"","_ha_background_overlay_hover_repeat_tablet":"","_ha_background_overlay_hover_repeat_mobile":"","_ha_background_overlay_hover_size":"","_ha_background_overlay_hover_size_tablet":"","_ha_background_overlay_hover_size_mobile":"","_ha_background_overlay_hover_bg_width":{"unit":"%","size":100,"sizes":[]},"_ha_background_overlay_hover_bg_width_tablet":{"unit":"px","size":"","sizes":[]},"_ha_background_overlay_hover_bg_width_mobile":{"unit":"px","size":"","sizes":[]},"_ha_background_overlay_hover_video_link":"","_ha_background_overlay_hover_video_start":"","_ha_background_overlay_hover_video_end":"","_ha_background_overlay_hover_play_once":"","_ha_background_overlay_hover_play_on_mobile":"","_ha_background_overlay_hover_privacy_mode":"","_ha_background_overlay_hover_video_fallback":{"url":"","id":""},"_ha_background_overlay_hover_slideshow_gallery":[],"_ha_background_overlay_hover_slideshow_loop":"yes","_ha_background_overlay_hover_slideshow_slide_duration":5000,"_ha_background_overlay_hover_slideshow_slide_transition":"fade","_ha_background_overlay_hover_slideshow_transition_duration":500,"_ha_background_overlay_hover_slideshow_background_size":"","_ha_background_overlay_hover_slideshow_background_size_tablet":"","_ha_background_overlay_hover_slideshow_background_size_mobile":"","_ha_background_overlay_hover_slideshow_background_position":"","_ha_background_overlay_hover_slideshow_background_position_tablet":"","_ha_background_overlay_hover_slideshow_background_position_mobile":"","_ha_background_overlay_hover_slideshow_lazyload":"","_ha_background_overlay_hover_slideshow_ken_burns":"","_ha_background_overlay_hover_slideshow_ken_burns_zoom_direction":"in","_ha_background_overlay_hover_opacity":{"unit":"px","size":0.5,"sizes":[]},"_ha_css_filters_hover_css_filter":"","_ha_css_filters_hover_blur":{"unit":"px","size":0,"sizes":[]},"_ha_css_filters_hover_brightness":{"unit":"px","size":100,"sizes":[]},"_ha_css_filters_hover_contrast":{"unit":"px","size":100,"sizes":[]},"_ha_css_filters_hover_saturate":{"unit":"px","size":100,"sizes":[]},"_ha_css_filters_hover_hue":{"unit":"px","size":0,"sizes":[]},"_ha_background_overlay_hover_transition":{"unit":"px","size":0.3,"sizes":[]},"_border_border":"","_border_width":{"unit":"px","top":"","right":"","bottom":"","left":"","isLinked":true},"_border_width_tablet":{"unit":"px","top":"","right":"","bottom":"","left":"","isLinked":true},"_border_width_mobile":{"unit":"px","top":"","right":"","bottom":"","left":"","isLinked":true},"_border_color":"","_border_radius":{"unit":"px","top":"","right":"","bottom":"","left":"","isLinked":true},"_border_radius_tablet":{"unit":"px","top":"","right":"","bottom":"","left":"","isLinked":true},"_border_radius_mobile":{"unit":"px","top":"","right":"","bottom":"","left":"","isLinked":true},"_box_shadow_box_shadow_type":"","_box_shadow_box_shadow":{"horizontal":0,"vertical":0,"blur":10,"spread":0,"color":"rgba(0,0,0,0.5)"},"_box_shadow_box_shadow_position":" ","_border_hover_border":"","_border_hover_width":{"unit":"px","top":"","right":"","bottom":"","left":"","isLinked":true},"_border_hover_width_tablet":{"unit":"px","top":"","right":"","bottom":"","left":"","isLinked":true},"_border_hover_width_mobile":{"unit":"px","top":"","right":"","bottom":"","left":"","isLinked":true},"_border_hover_color":"","_border_radius_hover":{"unit":"px","top":"","right":"","bottom":"","left":"","isLinked":true},"_border_radius_hover_tablet":{"unit":"px","top":"","right":"","bottom":"","left":"","isLinked":true},"_border_radius_hover_mobile":{"unit":"px","top":"","right":"","bottom":"","left":"","isLinked":true},"_box_shadow_hover_box_shadow_type":"","_box_shadow_hover_box_shadow":{"horizontal":0,"vertical":0,"blur":10,"spread":0,"color":"rgba(0,0,0,0.5)"},"_box_shadow_hover_box_shadow_position":" ","_border_hover_transition":{"unit":"px","size":"","sizes":[]},"_mask_switch":"","_mask_shape":"circle","_mask_image":{"url":"","id":""},"_mask_notice":"","_mask_size":"contain","_mask_size_tablet":"","_mask_size_mobile":"","_mask_size_scale":{"unit":"%","size":100,"sizes":[]},"_mask_size_scale_tablet":{"unit":"px","size":"","sizes":[]},"_mask_size_scale_mobile":{"unit":"px","size":"","sizes":[]},"_mask_position":"center center","_mask_position_tablet":"","_mask_position_mobile":"","_mask_position_x":{"unit":"%","size":0,"sizes":[]},"_mask_position_x_tablet":{"unit":"px","size":"","sizes":[]},"_mask_position_x_mobile":{"unit":"px","size":"","sizes":[]},"_mask_position_y":{"unit":"%","size":0,"sizes":[]},"_mask_position_y_tablet":{"unit":"px","size":"","sizes":[]},"_mask_position_y_mobile":{"unit":"px","size":"","sizes":[]},"_mask_repeat":"no-repeat","_mask_repeat_tablet":"","_mask_repeat_mobile":"","hide_desktop":"","hide_tablet":"","hide_mobile":"","_attributes":"","custom_css":""}}